,ID,Name,Zip,Lat,Long,Rating,Delivery,Price Tier,Price,Credit Cards,Outdoor Seating,Reservations,Brunch,Dinner,Lunch,Beer,Breakfast,Music,Happy Hour,Full Bar,Cocktails,Dessert,Wi-Fi,Wine,Jukebox,Public Lot,Restroom,Wheelchair Accessible,TVs,No,BYO,Take-out,Street Parking,Private Lot,Live Music,Valet Parking,Private Room,ATM,Tasting Menu
0,59666a2164c8e166fd70c996,Bar Amis,19112,39.89662491763111,-75.17551254494923,8.5,False,2.0,$$,,,,,,,,,,,,,,,,,,,,,,,,,,,,,,
1,5812976e38fabbd0109df490,Shake Shack,19112,39.90125,-75.171985,7.5,False,1.0,$,,,,,,,,,,,,,,,,,,,,,,,,,,,,,,
2,5126439be8895a09e35c4290,Tony Luke's,19112,39.90130858574735,-75.17201900482178,7.2,False,1.0,$,Yes (incl. American Express),,,,,,,,,,,,,,,,,,,,,,,,,,,,,
3,4bc209d874a9a5933f9cd2f6,Chickie's & Pete's,19112,39.90119580515075,-75.17185748757643,6.8,False,1.0,$,No,Yes,,,,,,,,,,,,,,,,,,,,,,,,,,,,
4,4b5c5724f964a520a02b29e3,Cadillac Grille,19112,39.90172528909823,-75.17212480404326,6.9,False,3.0,$$$,Yes,No,Yes,Brunch,Dinner,,,,,,,,,,,,,,,,,,,,,,,,,
5,555dd4bd498e7ac834ebbef9,Mercer Cafe at The Navy Yard,19112,39.89017935015437,-75.1772538387765,6.9,True,1.0,$,,,,,,,,,,,,,,,,,,,,,,,,,,,,,,
6,4bc4fa5be58e95216447c9e1,CURE Insurance Club,19112,39.901341878934595,-75.17100487506127,6.7,False,2.0,$$,Yes,Yes,Yes,Brunch,Dinner,Lunch,Beer,,,,,,,,,,,,,,,,,,,,,,,
7,4b12d462f964a520fe8e23e3,Chickie's & Pete's,19112,39.90071597768347,-75.16751289367676,7.2,False,1.0,$,Yes,No,,Brunch,Dinner,Lunch,,,,,,,,,,,,,,,,,,,,,,,,
8,5125af9e39507c01fc10be78,Tony Luke's,19112,39.900995821018974,-75.16727685928345,7.2,False,1.0,$,,,,,,,,,,,,,,,,,,,,,,,,,,,,,,
9,4f752e63e4b0b8451ccc664b,Chickie's & Pete's,19112,39.90431510051693,-75.16936107141642,6.9,False,1.0,$,Yes,Yes,,,,,,,,,,,,,,,,,,,,,,,,,,,,
10,5ca15f45e1f0aa002cefb5cc,Shake Shack,19112,39.904797,-75.167145,8.1,False,1.0,$,,,,,,,,,,,,,,,,,,,,,,,,,,,,,,
11,4c3c93e57d002d7f5e9bae18,Tastycake Factory,19112,39.89879780906343,-75.19496756317179,6.6,False,1.0,$,No,No,,Brunch,,Lunch,,Breakfast,,,,,,,,,,,,,,,,,,,,,,
12,51562457e4b0fa0f8170b23e,Federal Donuts,19112,39.906360125016064,-75.16770498124629,8.2,False,1.0,$,Yes,Yes,,,,,,,,,,,,,,,,,,,,,,,,,,,,
13,4bcf83beb221c9b63935d2d0,Bull's BBQ,19112,39.90678544847841,-75.16770057933881,8.1,False,2.0,$$,Yes,Yes,No,,,,,,,,,,,,,,,,,,,,,,,,,,,
14,4bf95a388d30d13aac080218,Harry the K's Broadcast Bar & Grille,19112,39.90647722766655,-75.16704082489014,6.7,False,2.0,$$,Yes (incl. Discover & Visa),Yes,Yes,,,,Beer,,,,,,,,,,,,,,,,,,,,,,,
15,4e19d464fa761946459e458d,Tony Luke's,19112,39.9068984842772,-75.16661722751272,7.5,False,1.0,$,Yes,Yes,,,,,,,,,,,,,,,,,,,,,,,,,,,,
16,4bf303f2c440c9b631740104,Campo's,19112,39.906756056655716,-75.16596918678889,7.7,False,1.0,$,,,,,,,,,,,,,,,,,,,,,,,,,,,,,,
17,5a22dc6e06fb60470b5f4ef7,Dunkin',19112,39.910216999999996,-75.186947,7.6,True,1.0,$,,,,,,,,Breakfast,,,,,,,,,,,,,,,,,,,,,,
18,4b92996af964a520710834e3,Termini Bros,19112,39.911408729162325,-75.1753421141613,8.8,True,1.0,$,Yes,No,,,,,,,,,,,,,,,,,,,,,,,,,,,,
19,4e73830cb993272e5231bc0b,Pastificio,19112,39.911403961878875,-75.17500198221143,8.2,True,1.0,$,,,,,,,,,,,,,,,,,,,,,,,,,,,,,,
20,4adb9f66f964a5207a2921e3,Celebre's,19112,39.91160681403437,-75.17521149640358,7.6,True,1.0,$,,No,Yes,,,,,,,,,,,,,,,,,,,,,,,,,,,
21,4bbe86f0ba9776b09de9fdc8,Popi's Restaurant,19112,39.91167832805587,-75.18256780489956,7.1,False,3.0,$$$,Yes (incl. Discover & Visa),Yes,,,,,,,Yes,Happy Hour,Full Bar,Cocktails,,,,,,,,,,,,,,,,,,
22,4a90dacff964a5209f1920e3,Penrose Diner,19112,39.912320306606055,-75.18299451040096,8.1,True,1.0,$,Yes (incl. Discover & Visa),No,No,Brunch,Dinner,Lunch,,Breakfast,,,Full Bar,Cocktails,,,,,,,,,,,,,,,,,,
23,4b01e73cf964a520664622e3,Talk Of The Town,19112,39.912665302241344,-75.17276604953547,6.3,False,1.0,$,Yes (incl. American Express),No,,Brunch,Dinner,Lunch,,Breakfast,,,,,,,,,,,,,,,,,,,,,,
24,4c784d5f3badb1f75d684b54,Samuels & Sons Seafood Co.,19112,39.90412669396587,-75.1589404835358,7.5,False,1.0,$,,No,Yes,,,,,,,,,,,,,,,,,,,,,,,,,,,
25,4ca0ceea8afca0930b011616,T&N Sandwich Shoppe,19112,39.914402,-75.178126,7.9,False,1.0,$,,,,,,,,Breakfast,,,,,,,,,,,,,,,,,,,,,,
26,4c0957c5009a0f47ae9ae7bf,City Pizza,19112,39.91709100566702,-75.1748219479249,7.4,False,1.0,$,Yes (incl. American Express & MasterCard),No,No,,,,,,,,,,,,,,,,,,,,,,,,,,,
27,4bc75e0615a7ef3bdf4379da,P & S Italian Specialties,19112,39.917309,-75.177127,6.6,False,1.0,$,,No,,,,,,,,,,,,,,,,,,,,,,,,,,,,
28,4e849c066da10afb2adab728,Mike's Lunch Truck,19112,39.90279476302367,-75.15250015951477,,True,1.0,$,No,,,,,,,,,,,,,,,,,,,,,,,,,,,,,
29,4c612f77de6920a1b3a29764,Oregon Express,19112,39.916311393010226,-75.16712637982636,8.3,True,1.0,$,,,,,,,,Breakfast,,,,,,,,,,,,,,,,,,,,,,
30,4c1d2a48eac020a1ddc247c2,Andonio's Diner,19115,40.0853993706215,-75.04739627732562,6.3,True,1.0,$,Yes (incl. American Express),,,Brunch,,Lunch,,Breakfast,,,,,,,,,,,,,,,,,,,,,,
31,4c4dc7241b8e1b8dbacb2c26,Judah Mediterranean Grill,19115,40.0856219058616,-75.04551760864976,7.3,False,2.0,$$,,,,,,,,,,,,,,,,,,,,,,,,,,,,,,
32,55abe495498ec31d61554333,Ateethi,19115,40.08666787014,-75.04521454669637,7.8,False,2.0,$$,,,,,,,,,,,,,,,,,,,,,,,,,,,,,,
33,4ad12fcbf964a5205add20e3,Taste Queen,19115,40.086797610511766,-75.04460993851566,6.5,True,1.0,$,Yes (incl. American Express),No,No,Brunch,Dinner,Lunch,,,,,,,,,,,,,,,,,,,,,,,,
34,4bf84e8f5ec320a1e68c88d3,Steve Stein's Famous Deli,19115,40.08706289818344,-75.04447442795792,8.9,False,1.0,$,,,,Brunch,,Lunch,,,,,,,,,,,,,,,,,,,,,,,,
35,5490bad1498e9b626a31fcc2,Little Caesars Pizza,19115,40.08602,-75.03921,6.4,True,1.0,$,,,,,,,,,,,,,,,,,,,,,,,,,,,,,,
36,4c361a063849c9280374bbb1,Slack's Hoagie Shack,19115,40.08760869230212,-75.03946698665835,6.6,False,1.0,$,Yes (incl. Discover & Visa),No,,,,,,,,,,,,,,,,,,,,,,,,,,,,
37,4c953a3538dd8cfa35d7d062,Perkins Restaurant & Bakery,19115,40.08695132420417,-75.03904849290848,6.6,True,2.0,$$,,No,Yes,Brunch,,Lunch,,Breakfast,,,,,,,,,,,,,,,,,,,,,,
38,4cf06277899c6ea8ad63eac1,Shish Kabob Palace,19115,40.086832442687715,-75.03892669251098,6.6,True,2.0,$$,Yes (incl. Discover & MasterCard),No,Yes,,,Lunch,,,,,,,Dessert,,,,,,,,,,,,,,,,,
39,4b894e1df964a520102a32e3,Kelly's Seafood,19115,40.08358173956815,-75.03825803750097,6.8,True,2.0,$$,,No,No,,,,,,,,,,,,,,,,,,,,,,,,,,,
40,4c825785d8086dcb50397552,Philly Pretzel Factory,19115,40.086699109344124,-75.0388307054889,7.1,False,2.0,$$,,No,No,,,,,,,,,,,,,,,,,,,,,,,,,,,
41,4c816ee9dc018cfa66c5c56c,Macaroni's,19115,40.081751766528214,-75.03840133587906,7.8,False,3.0,$$$,Yes (incl. American Express & MasterCard),No,,,,,,,,,Full Bar,Cocktails,,,,,,,,,,,,,,,,,,
42,5079e1f3e4b0801688f69332,Sushi Hibachi Grill And Supreme Buffet,19115,40.08810294008241,-75.03927563951676,6.3,False,1.0,$,,,,,,,,,,,,,,,,,,,,,,,,,,,,,,
43,4befedc1d4f70f478647390f,Nate's Hot Bagels,19115,40.08751686104403,-75.03873997029585,8.0,False,1.0,$,Yes,No,,,,,,,,,,,,,,,,,,,,,,,,,,,,
44,4bc49a89f8219c748393b710,To-Kai Sushi & Hibachi Steak House,19115,40.08650584215127,-75.0379716123069,8.0,True,2.0,$$,Yes (incl. American Express),No,Yes,Brunch,Dinner,,,,,,Full Bar,,,Yes,,,,,,,,,,,,,,,,
45,4b894eacf964a520302a32e3,Gearo's,19115,40.08219621983966,-75.03710255395423,7.8,False,2.0,$$,Yes (incl. American Express),No,No,Brunch,Dinner,,Beer,,,,Full Bar,,,,,,,,,,,,,,,,,,,
46,4bf749d25efe2d7f91d96834,Randi's Restaurant and Bar,19115,40.08869819283775,-75.03850301645043,7.0,True,2.0,$$,,Yes,Yes,,,,,,,,Full Bar,Cocktails,,,,,,,,,,,,,,,,,,
47,4bb8c9ef53649c74135347fb,Big Daddy Pizza,19115,40.08094464304296,-75.03722190856934,7.3,True,1.0,$,,,,,,,,,,,,,,,,,,,,,,,,,,,,,,
48,4b2ffbb2f964a520d8f324e3,Vince's pizza,19115,40.08407211303711,-75.0354995727539,6.6,False,1.0,$,,,,,,,,,,,,,,,,,,,,,,,,,,,,,,
49,4e7de5ea29c294ffa2d574df,The hot dog lady,19115,40.089903913655455,-75.0699695405366,,False,1.0,$,,,,,,,,,,,,,,,,,,,,,,,,,,,,,,
50,4b367a60f964a520613625e3,Tiffany Diner,19115,40.074117,-75.036018,7.0,False,1.0,$,Yes (incl. Discover & Visa),No,Yes,Brunch,,Lunch,,,,,,Cocktails,,,,,,,,,,,,,,,,,,
51,4bb8ef6b1261d13a0520e998,Red Lobster - Temporarily Closed,19115,40.075949,-75.034346,7.3,True,2.0,$$,Yes,No,No,Brunch,Dinner,Lunch,,,,,Full Bar,Cocktails,,,,,,,,,,,,,,,,,,
52,4bbd2801593fef3b472d0356,Applebee's Grill + Bar,19115,40.07660627878859,-75.03359916443864,6.9,True,2.0,$$,Yes,No,No,,Dinner,,,,,Happy Hour,,Cocktails,,Yes,,,,,,,,,,,,,,,,
53,4ba6821cf964a5203e5939e3,Olive Garden,19115,40.07848938848353,-75.03186134774595,7.3,False,2.0,$$,Yes (incl. American Express),No,Yes,Brunch,Dinner,Lunch,,,,Happy Hour,Full Bar,Cocktails,,,Wine,,,,,,,,,,,,,,,
54,4c35fc73a0ced13a63a31a6e,Saladworks,19115,40.07311877074962,-75.03500016181661,6.8,True,1.0,$,Yes (incl. Visa & MasterCard),No,,Brunch,Dinner,Lunch,,,,,,,,,,Jukebox,Public Lot,Yes,Yes,Yes,,,,,,,,,,
55,4ab6d123f964a5202d7920e3,Boston Market,19115,40.074261,-75.0333204,7.3,True,2.0,$$,Yes (incl. Discover & Visa),No,No,,,,,,,,,,,,,,,,,,,,,,,,,,,
56,57d7cf25498ea406d90d5609,Chipotle Mexican Grill,19115,40.0742819,-75.0331506,7.5,False,1.0,$,,,,,,,,,,,,,,,,,,,,,,,,,,,,,,
57,4c3cb7e6b36ac928f97d0486,Dunkin',19115,40.0734399,-75.0337154,6.3,True,1.0,$,Yes (incl. American Express),No,,,,,,Breakfast,,,,,,Yes,,,,,,,,,,,,,,,,
58,4c25cfb3f7ced13a3c39256d,Dunkin',19115,40.066239052696766,-75.05157046334375,7.0,True,1.0,$,Yes (incl. American Express),No,,,,,,Breakfast,,,,,,No,,,,,,,,,,,,,,,,
59,4bd9ec3a8668c9b6259cf209,Las Margaritas,19115,40.07281488836206,-75.03389447499627,8.2,False,2.0,$$,Yes (incl. Discover & Visa),No,Yes,Brunch,Dinner,Lunch,,,,Happy Hour,Full Bar,Cocktails,,,,,,,,,,,,,,,,,,
60,4bed62233372c9288f841114,Jim's Soft Pretzel Bakery,19116,40.11121584818521,-75.00193233101903,7.3,False,1.0,$,Yes,No,,,,,,,,,,,,,,,,,,,,,,,,,,,,
61,4bbcc002f57ba593ea2dadb9,Adriano's Cucino,19116,40.123692144267814,-75.01451452755677,7.3,False,2.0,$$,,,,,,,,,,,,,,,,,,,,,,,,,,,,,,
62,4ded2aa17d8bb216741e8ada,Cuginni's,19116,40.12351168672071,-75.01460371007289,,False,1.0,$,,,,,,,,,,,,,,,,,,,,,,,,,,,,,,
63,4bf51598706e20a11700aa98,Dunkin',19116,40.11909,-75.015087,6.9,True,1.0,$,Yes,No,,,,,,Breakfast,,,,,,Yes,,,,,,,,,,,,,,,,
64,5144eb1ee4b0c4e4f18eecac,Cafe Lava,19116,40.124435,-75.01467099999999,6.5,False,2.0,$$,,,,,,,,,,,,,,,,,,,,,,,,,,,,,,
65,4db1ee271e729fcc565ddaca,King Wok,19116,40.13073579372326,-75.01021927766776,,True,2.0,$$,Yes,No,No,,Dinner,Lunch,,,,,,,,,,,,,,,,,,,,,,,,
66,4be7264fd4f7c9b6de872720,Uzbekistan,19116,40.122650843914045,-75.01600239028657,8.5,True,1.0,$,,Yes,Yes,,,,,,,,Full Bar,,,,,,,,,,,,,,,,,,,
67,4cd6dae2b2a437047a0a8744,Manhatten Bagel,19116,40.12477111816406,-75.01538848876953,,False,1.0,$,,No,,,,,,,,,,,,,,,,,,,,,,,,,,,,
68,4aa3feb7f964a520c64420e3,Restaurant Lanjeron,19116,40.12477111816406,-75.01538848876953,,False,3.0,$$$,,,,,,,,,,,,,,,,,,,,,,,,,,,,,,
69,4b8b0b37f964a520de8f32e3,To-Yo,19116,40.12495655459379,-75.01534236174332,,True,2.0,$$,Yes,No,,Brunch,Dinner,Lunch,,,,,,,,,,,,,,,,,,,,,,,,
70,4c28c1bece3fc9284fa16d88,Manhattan Bagel,19116,40.12461284614196,-75.01553624868393,6.0,True,1.0,$,Yes (incl. American Express),,,Brunch,,Lunch,,Breakfast,,,,,,,,,,,,,,,,,,,,,,
71,4dcdc2b8b0fb25f6e3330c2a,Atrium Bistro at Radisson Hotel - Trevose,19116,40.12333795544044,-74.97800692242734,6.0,True,2.0,$$,Yes (incl. Discover & Visa),,Yes,,Dinner,,,Breakfast,,,,,,,,,,,,,,,,,,,,,,
72,4e4ce038bd413c4cc66ce07b,Kin Wha Garden,19116,40.119603843412655,-75.01800196393685,,True,1.0,$,,No,No,,,,,,,,,,,,,,,,,,,,,,,,,,,
73,4c07ee6cffb8c9b6fa706761,La Casa Di Lucia,19116,40.132395,-75.010868,7.5,True,2.0,$$,,,,,,,,,,,,,,,,,,,,,Yes,,,,,,,,,
74,4e4ce030bd413c4cc66ce035,Costas Pizza And Grill,19116,40.11951632363321,-75.0180823275146,,True,1.0,$,,,,,,,,,,,,,,,,,,,,,,,,,,,,,,
75,4b76f6a7f964a520196f2ee3,Pho Palace,19116,40.133357859533085,-75.01006401671937,7.2,False,1.0,$,Yes,No,Yes,Brunch,Dinner,Lunch,,,,,,,Dessert,Free,,,,,,,,BYO,,,,,,,,
76,4a6ba60af964a5207dcf1fe3,Station Pizza,19116,40.13202214601162,-75.01218226412408,,True,1.0,$,Yes (incl. Discover & Visa),No,No,,,,,,,,,,,,,,,,,,,,,,,,,,,
77,527eaea9498e8d519803d040,Ninja Sushi & Hibachi Dachi,19116,40.13195103576793,-75.01227785402284,7.4,False,2.0,$$,Yes (incl. Discover & Visa),No,Yes,,,,,,,,,,,,,,Public Lot,Yes,Yes,,,BYO,Take-out,,,,,,,
78,528ff46511d2203866db5252,Larry 's Steaks,19116,40.13454818725586,-75.00833129882812,,False,1.0,$,Yes,No,,,,,,,,,,,,,,,,,,,,,,,,,,,,
79,51e9b937498e996a1b97122e,Little Caesars Pizza,19116,40.13458206868068,-75.00832593076956,6.3,False,1.0,$,,No,No,,,,,,,,,,,,,,,,,,,,,,,,,,,
80,4e4e683dbd4101d0d7a97c68,Domenic's Pizza,19116,40.13272843,-75.01176388,,True,1.0,$,Yes,,No,,,,,,,,,,,,,,,,,,,,,,,,,,,
81,4cb716b886e09eb0ebac62e2,Dunkin',19116,40.13480284179464,-75.00802750437794,5.6,True,1.0,$,Yes,Yes,,,,,,Breakfast,,,,,,Yes,,,,,,,,,,,,,,,,
82,4b57b6a2f964a5204f3d28e3,Steve's Prince of Steaks,19116,40.10427703378271,-75.00076571010635,8.3,False,2.0,$$,No,No,,Brunch,Dinner,Lunch,,,,,,,,Yes,,,,,,,,,,,,,,,,
83,4c49a0071b430f478393c9c3,Dunkin',19116,40.13292694091797,-75.01216888427734,6.4,False,1.0,$,Yes,,,,,,,Breakfast,,,,,,,,,,,,,,,,,,,,,,
84,4e93758f02d5a677b0485f77,Kyoto Japanese Cuisine,19116,40.135308568326145,-75.00772541628437,7.6,False,2.0,$$,Yes,No,Yes,,Dinner,,,,,,,,,Yes,,,,,,,,,,,,,,,,
85,4e3c85087d8b0e96105db23e,Kyoto,19116,40.13537176333659,-75.0078518561579,7.6,False,2.0,$$,Yes (incl. Discover & MasterCard),No,Yes,,Dinner,,,,,,,,,Yes,,,,,,,,,,,,,,,,
86,4f2345e4e4b0d609c558d2fc,Global Bistro,19116,40.13542556762695,-74.98310089111328,,False,2.0,$$,Yes,,,,,,,,,,,,,,,,,,,,,,,,,,,,,
87,4b4cf86af964a52002c626e3,Toscana 52,19116,40.13535820254713,-74.97968730685841,7.7,True,3.0,$$$,Yes (incl. American Express),Yes,Yes,Brunch,Dinner,Lunch,,,,Happy Hour,Full Bar,Cocktails,,,Wine,,,,,,,,,,,,,,,
88,5818901e38fa5b066b41eac6,Baja Fresh,19116,40.14026929056657,-74.9895261805927,6.2,True,1.0,$,,,,,,,,,,,,,,,,,,,,,,,,,,,,,,
89,4c2f7bcd452620a181961d0f,Illiano Pizza Restaurant,19116,40.129023,-75.02351800000001,,True,1.0,$,Yes (incl. American Express),,No,Brunch,Dinner,Lunch,,,,,,,,,,,,,,,,,,,,,,,,
90,4ce6b56d8ef78cfa97498e9b,Lincoln Drive Delicatessen,19119,40.054035999999996,-75.193927,6.3,True,1.0,$,Yes,No,,,,,,,,,,,,,,,,,,,,,,,,,,,,
91,4b7aaae8f964a5204b362fe3,High Point Cafe,19119,40.05758040214426,-75.19466512590168,7.9,True,1.0,$,Yes,Yes,No,Brunch,,Lunch,,Breakfast,,,,,,,,,,,,,,,,,,,,,,
92,4a6b229af964a52009ce1fe3,High Point Cafe,19119,40.04634234328383,-75.19590220363226,8.7,False,1.0,$,Yes,Yes,No,Brunch,,Lunch,,Breakfast,,,,,,Yes,,,,,,,,,,,,,,,,
93,5411e7b7498edd6d453fc219,Malelani cafe,19119,40.05314704951357,-75.1861188106294,8.2,False,2.0,$$,Yes,Yes,,Brunch,,,,,,,,,Dessert,Yes,,,,Yes,,,,BYO,,Street,,,,,,
94,4c5d7d066147be9a64149209,Kim's Trio Delight Cafe,19119,40.05204688879754,-75.1854487533013,7.2,False,1.0,$,Yes,No,No,,,,,Breakfast,,,,,,Yes,,,,,,,,,,,,,,,,
95,4f1c1b1be4b0f67a97697c95,Little Jimmie's Bakery Cafe',19119,40.051414451183,-75.1850006027188,8.1,False,1.0,$,Yes (incl. Discover & MasterCard),Yes,No,,,,,,,,,,,,,,,,,,,,,,,,,,,
96,4bb67158941ad13a6c701fe3,Chef Ken's Cafe,19119,40.05932144714063,-75.19034085605279,6.9,False,1.0,$,,No,No,Brunch,,,,,,,,,,Yes,,,,,,,,,,,,,,,,
97,53bdef1e498e495052aed4e0,Cresheim Valley Grain Exchange,19119,40.059703408263374,-75.19072848407204,8.0,False,2.0,$$,Yes,Yes,No,,,,Beer,,,Happy Hour,Full Bar,Cocktails,,Yes,,,,,,,,,,,,,,,,
98,4b942053f964a520e46934e3,Mi Puebla,19119,40.059973838807224,-75.19084821299859,6.8,False,2.0,$$,,No,Yes,,,,,,,,,,,,,,,,,,,,,,,,,,,
99,549a0ff8498e3fb73078d001,Trattoria Moma,19119,40.059709999999995,-75.189911,7.3,True,2.0,$$,,Yes,,,,,,,,,,,,,,,,,,,,BYO,,,,,,,,
100,50f83497e4b0768655e0eaaf,Jyoti,19119,40.06044267121043,-75.19133328690361,7.4,True,2.0,$$,,No,No,,,,,,,,,,,,,,,,,,,,,,,,,,,
101,4be6e8212468c9281fcd0143,Toto's Pizzeria,19119,40.04357029034545,-75.1908096336729,8.4,True,1.0,$,Yes (incl. American Express),No,No,,Dinner,Lunch,,,,,,,,,,,,,,,,,,,,,,,,
102,523b776f11d298d7c0ae1ef4,Mt Airy Street Fare,19119,40.0601278909195,-75.18716679252024,7.4,False,1.0,$,,,,,,,,,,,,,,,,,,,,,,,,,,,,,,
103,50a947cbe4b0445d671d1815,Cafe Mills,19119,40.042396,-75.19005,,False,2.0,$$,,,,,,,,,,,,,,,,,,,,,,,,,,,,,,
104,5759f559498e538bbfaf32a4,Jansen,19119,40.062685,-75.193164,8.1,False,4.0,$$$$,,Yes,,,,,,,,,Full Bar,Cocktails,,,,,,,,,,,,,,,,,,
105,500abef8e4b000b8d8fc46f4,Mt. Airy Deli,19119,40.06319989119954,-75.18790085340645,8.8,True,2.0,$$,Yes,Yes,No,,,,,,,,,,,,,,,,,,,,,,,,,,,
106,4acfaaf9f964a52034d520e3,Yu Hsiang Garden,19119,40.067189845486666,-75.19714455864226,8.0,True,2.0,$$,Yes (incl. American Express),No,Yes,,,,,,,,,,,,,,,,,,,,,,,,,,,
107,4b4f7863f964a520f30727e3,Night Kitchen Bakery,19119,40.06816913943149,-75.19798824625123,8.5,False,1.0,$,,Yes,,,,,,,,,,,,,,,,,,,,,,,,,,,,
108,4b37ac94f964a520194425e3,Valley Green Inn,19119,40.05434103349346,-75.21796241664492,7.9,False,3.0,$$$,Yes (incl. Discover & Visa),Yes,,Brunch,Dinner,Lunch,,Breakfast,,,Full Bar,Cocktails,Dessert,Yes,,,,Yes,,,,,,,Private Lot,,,,,
109,4b904c47f964a520748233e3,Hokka-Hokka,19119,40.06918520707966,-75.19953171708931,8.1,True,2.0,$$,Yes (incl. American Express),Yes,Yes,,Dinner,,,,,,,,,,,,,,,,,,,,,,,,,
110,4b54ef85f964a520fcd327e3,CinCin Restaurant,19119,40.069231,-75.199751,7.8,False,2.0,$$,,No,Yes,,,,,,,,Full Bar,Cocktails,,,,,,,,,,,,,,,,,,
111,4c96950738dd8cfa5dc7dc62,All the Way Live,19119,40.040613,-75.178657,,True,2.0,$$,,,,,,,,,,,,,,,,,,,,,,,,,,,,,,
112,4c17a00d30d30f4745c736a9,The Nile,19119,40.039571837651785,-75.17788841360468,6.6,False,1.0,$,,,,Brunch,Dinner,Lunch,,,,,,,,,,,,,,,,,,,,,,,,
113,4d89ed9c7139b1f7c31cbfd4,Newmans Grill,19119,40.03900541765774,-75.17735238695988,8.2,False,1.0,$,,,,,,,,Breakfast,,,,,,,,,,,,,,,,,,,,,,
114,4a9d44c3f964a520143820e3,Baker Street Bread Co,19119,40.07115,-75.20079,7.9,True,1.0,$,,Yes,,,,,,,,,,,,,,,,,,,,,,,,,,,,
115,4c1118ac6b7e2d7f3aac2835,Dunkin',19119,40.06723153203835,-75.17827104658613,8.0,False,1.0,$,Yes,No,,,,,,Breakfast,,,,,,Yes,,,,,,,,,,,,,,,,
116,4bca0ade0687ef3b371cdbcc,Platinum Grille,19119,40.07276081486678,-75.19468577556653,7.3,False,2.0,$$,Yes (incl. American Express & MasterCard),Yes,Yes,,,,,,,,,,,,,,,,,,,,,,,,,,,
117,4b4a3bddf964a520f47f26e3,Mario's Pizza,19119,40.073206722930635,-75.19504924536976,8.1,False,1.0,$,,No,No,,,,,,,,,,,,,,,,,,,,,,,,,,,
118,4b4e2dd1f964a52040e426e3,Bredenbeck's Bakery,19119,40.072671634960415,-75.20232386189109,8.5,True,1.0,$,,Yes,No,,,,,,,,,,,,,,,,,,,,,,,,,,,
119,554fe748498ea1262ec7a9b3,Biryani Bowl,19119,40.07344564742198,-75.19794939047704,6.6,True,2.0,$$,,,,,,,,,,,,,,,,,,,,,,,,,,,,,,
120,51728e70e4b04c63541c0c4a,iMunch,19121,39.975939,-75.186286,7.9,True,1.0,$,,No,,Brunch,,Lunch,,Breakfast,,,,,,Yes,,,,,,,,,,,,,,,,
121,54e73d72498ef73903600abe,The Monkey & The Elephant Café,19121,39.974580401264056,-75.182955435364,7.4,True,1.0,$,,Yes,No,,,,,,,,,,,Yes,,,,,,,,,,,,,,,,
122,58dfdf82a36ecd15df5cc3d2,Pizza Dads,19121,39.974647999999995,-75.182503,8.1,False,1.0,$,,,,,,,,,,,,,,,,,,,,,,,,,,,,,,
123,569c1287498eb5f3503e3e7d,SpOt Gourmet Burgers,19121,39.97452463103979,-75.18263388818384,8.5,True,1.0,$,Yes,No,No,,,,,,,,,Cocktails,,,,,,,,,,,,,,,,,,
124,51edb830498e2e432117a1c5,Rybrew,19121,39.97437923579758,-75.1825098320958,8.3,True,2.0,$$,No,Yes,,,Dinner,Lunch,Beer,,,,,,,,,,,,,,,,,,,Live Music,,,,
125,57e7025b38fa7204f0e016e9,2637brew,19121,39.97424890827338,-75.18022167955291,8.0,False,2.0,$$,,,,,,,,,,,,,,,,,,,,,Yes,,,,,,,,,
126,4c8c1756c37a6dcb6937f47a,Bob's Crab Shack,19121,39.99732840344691,-75.17976126407186,7.8,True,3.0,$$$,Yes,No,No,,,,,,,,,,,,,,,,,,,,,,,,,,,
127,4a626573f964a520f1c31fe3,Trio,19121,39.970369965319335,-75.18048119038606,7.9,True,2.0,$$,Yes (incl. Discover & Visa),No,,,,,,,,,,,,,,,,,,,,,,,,,,,,
128,4c44f6ae36d6a593354a6ba8,Dasiwa,19121,39.96894196352954,-75.17997023067855,8.6,False,2.0,$$,,No,Yes,,Dinner,,,,,,,,,,,,,,,,,BYO,,,,Live Music,,,,
129,4ad35f73f964a52002e420e3,Tacos Don Memo,19121,39.982926043160916,-75.20789926749907,7.5,False,1.0,$,No,No,,,,,,,,,,,,,,,,,,,,,,,,,,,,
130,4d892e085ecdf04dfac5a48a,Tejada Grocery,19121,39.972831,-75.201309,,False,1.0,$,,,,,,,,,,,,,,,,,,,,,,,,,,,,,,
131,4e611befaeb7360314558eba,Eagles Nest,19121,39.96944358572065,-75.19510218515578,7.9,False,1.0,$,,,,,,,,,,,,,,,,,,,,,,,,,,,,,,
132,4abe3be6f964a520208c20e3,Figs,19121,39.96839401647117,-75.17854186604552,7.9,True,2.0,$$,No,No,Yes,,,,,,,,,,,,,,,,,,,BYO,,,,,,,,
133,57030987498e99b675dde289,Amasi,19121,39.979561548550244,-75.16387475135714,7.6,True,2.0,$$,,Yes,No,Brunch,Dinner,Lunch,,Breakfast,,,,Cocktails,,Yes,,,,,,,,,,,,Live Music,,,,
134,4dce9667e4cd130e166a2303,Spiro's Breakfast & Lunch,19121,39.9739,-75.204099,,False,1.0,$,,,,,,,,Breakfast,,,,,,,,,,,,,,,,,,,,,,
135,4b8da9bdf964a520330733e3,Gigi & Big R Caribbean Soul Food Cart,19121,39.99911868753525,-75.20134586878855,8.2,False,1.0,$,No,,,,,,,,,,,,,,,,,,,,,,,,,,,,,
136,4bb231024019a593ab7c36b8,Please Taste Cafe,19121,39.97931507553041,-75.20889894186793,5.8,False,1.0,$,,,,,,,,,,,,,,,,,,,,,,,,,,,,,,
137,4b09a91ff964a520301b23e3,Little Pete's,19121,39.96729704572385,-75.17767089808656,7.8,False,2.0,$$,Yes (incl. American Express & MasterCard),Yes,No,Brunch,,Lunch,,,,,,Cocktails,,,,,,,,,,,,,,,,,,
138,4f0d9f03e4b01ae23f323af1,La Calaca Feliz,19121,39.96763782322356,-75.17608745039246,8.7,False,3.0,$$$,Yes (incl. Discover & Visa),Yes,,Brunch,Dinner,Lunch,,,,Happy Hour,Full Bar,Cocktails,,,,,,,,,,,,,,,,,,
139,4abd6523f964a5200e8a20e3,Luigi's Pizza Fresca,19121,39.96733923741146,-75.17700588849584,8.0,True,1.0,$,Yes (incl. American Express),Yes,No,Brunch,Dinner,Lunch,,,,,,,,,,,,,,,,,,,,,,,,
140,4a9a8e25f964a520d83120e3,Pete's Famous Pizza,19121,39.96729564873277,-75.17630977041854,7.6,True,1.0,$,,No,No,,,,,,,,,,,,,,,,,,,,,,,,,,,
141,4d8a82df76e1236a3e481c43,New Neighborhood Food Market,19121,39.973651000000004,-75.206214,,False,1.0,$,,,,,,,,,,,,,,,,,,,,,,,,,,,,,,
142,568dcdf5498e0b9eecd067ed,Amano,19121,39.9672454918646,-75.17533069337698,8.9,False,2.0,$$,,,,,,,,,,,,,,,,,,,,,,BYO,,,,,,,,
143,4aaae54cf964a520e85720e3,Zorba's Tavern,19121,39.96729520762904,-75.1749246870816,8.1,True,3.0,$$$,,Yes,Yes,Brunch,Dinner,Lunch,,Breakfast,,,,,,,Wine,,,,,,,BYO,,,,,,,,
144,569d001d498e4c558ea906e4,Champ's Diner,19121,39.979286,-75.160966,8.0,True,,,,,,Brunch,,,,,,,,,,Yes,,,,,,,,,,,,,,,,
145,4be5dde3bcef2d7fbf7304e5,McDonald's,19121,40.00475730795104,-75.17984032630926,5.7,True,1.0,$,Yes,No,,Brunch,Dinner,Lunch,,Breakfast,,,,,,,,,,,,,,,,,,,,,,
146,4d0f8ef5ba378cfa84e47193,Mimmo's Pizza,19121,40.00474727563029,-75.17873097184828,6.6,True,1.0,$,,No,No,Brunch,,,,,,Happy Hour,,,,Yes,,,,,,,,,,,,Live Music,,,,
147,505100f6e4b02dee625a2b5f,Maple Star,19121,39.979211,-75.16043499999999,8.0,True,1.0,$,Yes (incl. American Express & MasterCard),,,,,,,,,,,,,,,,,,,,,,,,,,,,,
148,4e305759c65b80dfd84a1a22,Good Garden,19121,40.00444412231445,-75.17713928222656,,False,1.0,$,No,No,No,,,,,,,,,,,,,,,,,,,,,,,,,,,
149,4adca64df964a520472e21e3,"""Sexy"" Green Truck",19121,39.98092522396936,-75.15972823102696,8.1,False,1.0,$,No,,,,,,,,,,,,,,,,,,,,,,,,,,,,,
150,4cc4b3eb01fb236a5384adba,Corfu Pizza,19126,40.05589759118875,-75.14040103529868,7.6,True,1.0,$,,No,No,,,,,,,,,,,,,,,,,,,,,,,,,,,
151,4b8d7afef964a52042fe32e3,Jong Ka Jib,19126,40.05189556239049,-75.12727325089045,7.8,True,2.0,$$,Yes,No,No,,,,,,,,,,,,,,,,,,,,,,,,,,,
152,5560c56b498e62cbada8fd76,Sang Kee Asian Kitchen,19126,40.06275405566974,-75.13791759833002,7.1,True,1.0,$,,,,,,,,,,,,,,,,,,,,,,,,,,,,,,
153,4b11678cf964a520d57b23e3,Paris Baguette Café,19126,40.06274578292559,-75.13681795609725,8.4,True,1.0,$,Yes (incl. American Express),No,No,Brunch,,Lunch,,,,,,,,,,,,,,,,,,,,,,,,
154,4ca77f9276d3a093df380c6b,H-mart Food Court,19126,40.06282929725983,-75.13693400913762,7.5,False,2.0,$$,Yes,,No,Brunch,Dinner,Lunch,,,,,,,,,,,,,,,,,,,,,,,,
155,4b11542ef964a5205c7a23e3,More Food Court,19126,40.06284445594084,-75.13687329547669,7.8,True,,$$,Yes,,No,Brunch,Dinner,Lunch,,,,,,,,,,,,,,,,,,,,,,,,
156,5514262d498ef675aa8fc0c3,DuBu,19126,40.062911190536916,-75.13770755683059,8.2,True,2.0,$$,,,,Brunch,Dinner,Lunch,,Breakfast,,,,,,,,,,,,,,,,,,,,,,
157,55426c45498e88d7fe54b855,Café Bene,19126,40.063045185437055,-75.13767015652417,6.3,False,1.0,$,,,,,,,,,,,,,,,,,,,,,,,,,,,,,,
158,4b513252f964a520e44627e3,Cafe Soho,19126,40.05513978378155,-75.1259646392571,8.2,False,2.0,$$,Yes (incl. Visa & MasterCard),No,No,,Dinner,,Beer,,,,,,,,,,,,,,,,,,,,,,,
159,4c4a3118c668e21eaec940f8,Dunkin',19126,40.044944,-75.142839,7.5,True,1.0,$,Yes (incl. American Express),No,,,,,,Breakfast,,,,,,Yes,,,,,,,,,,,,,,,,
160,4d5b4165042eb1f7b9c032f4,Popeyes Louisiana Kitchen,19126,40.04491878858897,-75.14380285957117,6.8,True,1.0,$,Yes,No,No,,Dinner,Lunch,,,,,,,,,,,,,,,,,,,,,,,,
161,4c14384fa1010f47e4264c18,Papa John's Pizza,19126,40.044929135709104,-75.14390345039726,6.1,True,1.0,$,,,No,,,,,,,,,,,,,,,,,,,,,,,,,,,
162,4c62104d86b6be9a9c6b8b34,Imperial Palace Chinese Restaurant,19126,40.0435205,-75.1433637,7.3,False,1.0,$,No,,No,,,,,,,,,,,,,,,,,,,,,,,,,,,
163,52da9236498e847d87dcc861,Breakfast Boutique 2,19126,40.0434837217926,-75.14362764486955,7.0,False,1.0,$,Yes,No,No,,,,,Breakfast,,,,,,,,,,,,,,,,,,,,,,
164,4cb65e2ab315a09348b19b76,Moonlight Cuisine,19126,40.058425981533034,-75.15308942487157,7.9,True,2.0,$$,,No,,,,,,,,,Full Bar,,,,,,,,,,Yes,,,,,Live Music,,,,
165,4d2a21c6f7a9224b709704a0,Sol Levante Bakery,19126,40.06443038660622,-75.14811554432545,7.7,False,1.0,$,Yes (incl. Discover & Visa),No,No,Brunch,,,,Breakfast,,,,,,,,,,,,,,,,,,,,,,
166,4c772aef947ca1cdf3d24637,Bruno's Pizza,19126,40.06446078715238,-75.14812899045,7.5,False,1.0,$,Yes (incl. Discover & Visa),No,,,,,,,,,,,,,,,,,,,,,,,,,,,,
167,4e4e2518bd4101d0d7a34aa5,KFC,19126,40.042671870426474,-75.14467983438999,6.3,True,1.0,$,Yes,,,,,,,,,,,,,,,,,,,,,,,,,,,,,
168,4c81891051ada1cd8c0b1410,Kim's Restaurant,19126,40.042173406131376,-75.1290772008023,8.2,True,2.0,$$,,,Yes,,,,,,,,,,,,,,,,,,,,,,,,,,,
169,4de971e77d8b6c7a5324ce2c,Little Caesars Pizza,19126,40.062997972184775,-75.15193854356367,6.4,False,1.0,$,Yes (incl. Discover & Visa),,,,,,,,,,,,,,,,,,,,,,,,,,,,,
170,4bf9d88bbc869521cbcc7a6b,Papa Nick's Pizza,19126,40.04502756400345,-75.12353836750226,6.2,True,1.0,$,Yes (incl. Visa & MasterCard),No,No,,,,,,,,,,,,,,,,,,,,,,,,,,,
171,4e2320af45dd950bb0366248,Edison Mini Market,19126,40.05059617760586,-75.15539289385354,,False,1.0,$,,,,,,,,,,,,,,,,,,,,,,,,,,,,,,
172,4c8405842f1c236a46594843,Ron's Caribbean Cuisine,19126,40.04070107095332,-75.14464427580921,8.9,False,2.0,$$,Yes (incl. American Express),No,No,Brunch,Dinner,Lunch,,,,,,,,Yes,,,,,,,,,,,,,,,,
173,4b9c1a97f964a5206d4a36e3,Relish Restaurant,19126,40.06349742404461,-75.15297290841697,8.5,True,2.0,$$,Yes (incl. Discover & Visa),No,,,Dinner,Lunch,,,,Happy Hour,Full Bar,Cocktails,,Yes,,,,,,,,,,,,Live Music,,,,
174,4cb7165c86e09eb0ffab62e2,Dunkin',19126,40.051255,-75.118065,6.1,True,1.0,$,Yes (incl. American Express),No,,,,,,Breakfast,,,,,,Yes,,,,,,,,,,,,,,,,
175,51c37bfb498e7d858e409b69,Night Market West Oak Lane,19126,40.063869345175426,-75.1530930106894,7.9,False,2.0,$$,,,,,,,,,,,,,,,,,,,,,,,,,,,,,,
176,4d8b94127139b1f72025e3d4,Seafood To Go,19126,40.06800686340561,-75.14695067403116,6.2,False,3.0,$$$,Yes (incl. Discover & Visa),,,,,,,,,,,,,,,,,,,,,,,,,,,,,
177,4d30aaada241f04dafb1b627,Domino's Pizza,19126,40.06810853987255,-75.14674439100872,6.3,False,1.0,$,,,,,,,,,,,,,,,,,,,,,,,,,,,,,,
178,4cfac86234c1a093625c420e,Hoagie Factory,19126,40.06427854378656,-75.15308523727812,7.4,True,1.0,$,Yes (incl. Visa & MasterCard),No,,,,,,,,,,,,,,,,,,,,,,,,,,,,
179,4d59c083fe7c224bbc7d7bb5,Jamaican D's Inc.,19126,40.052323435160304,-75.15779762711026,8.0,True,2.0,$$,Yes (incl. Discover & MasterCard),No,No,,,,,,,,,,,No,,,,,,,,,,,,,,,,
180,4ef8f4db9a52c908426a9853,Han Dynasty,19127,40.0255810217567,-75.22382460811681,8.5,True,2.0,$$,Yes (incl. American Express),No,Yes,Brunch,Dinner,Lunch,,,,Happy Hour,,,,,,,,,,,,BYO,,,,,,,,
181,4b400432f964a52045b425e3,Jake's and Cooper's Wine Bar,19127,40.02573725907788,-75.22425082675446,8.3,True,3.0,$$$,Yes (incl. American Express & MasterCard),Yes,,Brunch,Dinner,Lunch,Beer,,,,Full Bar,,,,Wine,,,,,,,,,,,,,,,
182,4adccf93f964a520153021e3,Chabaa Thai Bistro,19127,40.025885185734644,-75.22444180920658,8.5,True,3.0,$$$,Yes,No,,,,,,,,,,,,,,,,,,,,BYO,,,,,,,,
183,4b5c9e99f964a520513a29e3,Il Tartufo,19127,40.025473251070764,-75.22338611183628,6.6,False,2.0,$$,Yes,,,,,,,,,,,,,,,,,,,,,,,,,,,,,
184,525c6f04498e85866a42a730,Taqueria Feliz,19127,40.02603429958777,-75.22505097899997,8.2,True,2.0,$$,Yes,No,,,Dinner,Lunch,,,,Happy Hour,Full Bar,Cocktails,,,,,,,,,,,,,,,,,,
185,5162f759e4b02b32f94f60c4,Smiley's Cafe,19127,40.025492204179315,-75.22249512318979,8.0,True,2.0,$$,Yes,Yes,No,,,,,,,,,,,,,,,,,,,,,,,,,,,
186,52e066cb498e6d30252c4b01,Insomnia Cookies,19127,40.025054984899086,-75.22262487733431,8.9,True,1.0,$,Yes,No,No,,,,,,,,,,,,,,,,,,,,,,,,,,,
187,4e6954c818508885f6193510,Lucky's Last Chance,19127,40.02627280871978,-75.2255920094606,8.5,False,2.0,$$,Yes (incl. American Express),No,,Brunch,Dinner,Lunch,Beer,,,Happy Hour,Full Bar,Cocktails,,Yes,,,,,,,,,,,,,,,,
188,58e2d48ff63c54423edce7b3,SOMO Manayunk,19127,40.0249665559515,-75.22232850421007,8.3,True,3.0,$$$,,,,,,,,,,,,,,,,,,,,,,,,,,,,,,
189,4cf1601ab3662c0fdb4c7830,Laxmi's Indian Grille,19127,40.026324520823714,-75.22573902170284,7.3,True,2.0,$$,Yes (incl. Discover & Visa),No,Yes,,,,,,No,,,,,,,,,,,,,,,Street,,,,,,
190,4a92d601f964a520d91d20e3,Winnie's Manayunk,19127,40.02486754006332,-75.22223422536108,8.1,False,2.0,$$,Yes (incl. American Express),Yes,Yes,Brunch,Dinner,Lunch,Beer,,,,Full Bar,Cocktails,,,,,,,,,,,,,,,,,,
191,50089857e4b00cbfbefe1c36,Yanako,19127,40.024787588365996,-75.22160024625965,7.0,True,3.0,$$$,Yes,Yes,Yes,,Dinner,,,,,,,,,,,,,,,,,,,,,,,,,
192,49fc5f10f964a520996e1fe3,The Couch Tomato Café,19127,40.0247731,-75.22131619999999,8.7,True,2.0,$$,Yes (incl. American Express),Yes,Yes,Brunch,Dinner,Lunch,Beer,,,,,,,Yes,,,,,,,,,,,,,,,,
193,4e9b4990722edf21e2c71f30,The Couch Tomato Bistro,19127,40.02466297874437,-75.22134222904128,9.0,False,3.0,$$$,Yes (incl. Discover & Visa),Yes,Yes,Brunch,Dinner,Lunch,Beer,,,Happy Hour,Full Bar,Cocktails,,No,Wine,,,,,,,,,,,,Valet,,,
194,54f9c5ae498e2f420f9cddb9,Greg's Kitchen,19127,40.026710222598815,-75.2266564380499,7.6,True,1.0,$,,No,,Brunch,,,,Breakfast,,,,,,,,,,,,,,,,,,,,,,
195,53d27c21498ef47767c223c7,Union Taco,19127,40.02427842476546,-75.22094699222305,7.0,False,1.0,$,Yes,Yes,,,,,,,,,,,,,,,,,,,,,,,,,,,,
196,4ab90560f964a520b37d20e3,Riverside Pizza,19127,40.0240280182151,-75.22062481636779,6.9,True,1.0,$,,,,,,,,,,,,,,,,,,,,,,,,,,,,,,
197,4bff05f54e5d0f47b28e7d1f,Sugar Philly Dessert Truck,19127,40.027008101321094,-75.21804794431328,7.1,False,1.0,$,Yes (incl. Discover & Visa),,,,,,,,,,,,,,,,,,,,,,,,,,,,,
198,4b4fb05df964a520041127e3,Mike's Pizza,19127,40.02241262392,-75.21857897623492,6.9,True,1.0,$,,,,,,,,,,,,,,,,,,,,,,,,,,,,,,
199,4b5200d4f964a520956027e3,Siam Express,19127,40.029908,-75.218775,6.8,False,2.0,$$,,,,,,,,,,,,,,,,,,,,,,,,,,,,,,
200,4bf938d3b182c9b6638d785a,Marciano's Bakery,19127,40.03083380971465,-75.23028478213506,8.1,False,2.0,$$,,No,No,,,,,,,,,,,,,,,,,,,,,,,,,,,
201,40b28c80f964a520d5f91ee3,Adobe Cafe,19127,40.0343805716533,-75.21925831459981,7.4,True,2.0,$$,Yes (incl. American Express),Yes,Yes,Brunch,Dinner,,,,,Happy Hour,Full Bar,Cocktails,,,,,,,,,,,,,,Live Music,,,,
202,4c01adad27dcc9286afae052,La Collina Ristorante,19127,40.024412291275254,-75.23573389472995,6.7,False,3.0,$$$,Yes (incl. American Express & MasterCard),No,,,,,,,,,,,,,,,,,,,,,,,,,,,,
203,4b7c1910f964a520c37c2fe3,Primo Hoagies,19127,40.03248278514633,-75.21443031779097,7.6,True,1.0,$,Yes (incl. American Express),No,,,,,,,,,,,,,,,,,,,,,,,,,,,,
204,4b8b1bb7f964a5204c9332e3,Zesto Pizza,19127,40.032169010467236,-75.21400014049588,7.7,True,1.0,$,Yes (incl. Discover & MasterCard),No,No,,Dinner,,,,,,,,,,,,,,,,,,,,,,,,,
205,4b68d1e4f964a520988e2be3,Papa John's Pizza,19127,40.03200915286937,-75.21331935099903,7.1,True,1.0,$,Yes,,No,,,,,,,,,,,,,,,,,,,,,,,,,,,
206,4b798ea5f964a5203f012fe3,Bob's Diner,19127,40.032919,-75.21426,7.2,False,1.0,$,No,No,No,Brunch,,Lunch,,Breakfast,,,,,,,,,,,,,,,,,,,,,,
207,54996aae498ef56f91847f35,Taylor's Cafe,19127,40.03439113736668,-75.21638063745445,8.0,False,2.0,$$,Yes,,,Brunch,,Lunch,,Breakfast,,,,,,,,,,,,,,,,,,,,,,
208,4f74a80ae4b006a67e12e6de,Dream House Asian Bistro,19127,40.034351951793894,-75.21604176624462,6.8,True,2.0,$$,,,,,,,,,,,,,,,,,,,,,,,,,,,,,,
209,4b5868eff964a520785628e3,Subway,19127,40.03433659648716,-75.2159225321635,6.8,False,1.0,$,Yes (incl. NFC Payments),No,,Brunch,Dinner,Lunch,,,,,,,,,,,,,,,,,,,,,,,,
210,511ef62de4b09c463e377b9e,Laxmi's Indian Grille,19129,40.012879999999996,-75.190158,7.2,False,2.0,$$,Yes,No,Yes,,Dinner,,,,,,,,Dessert,,,,,,,,,,,Street,,,,,,
211,4e13856c88777cd5da2c1b78,Fiorino Cucina Italiano,19129,40.00989163161497,-75.19047450022948,7.8,True,2.0,$$,Yes (incl. Discover & MasterCard),,Yes,,,Lunch,,,,,,,,,,,,,,,,BYO,,,,,,,,
212,4c1189c217002d7f9073e609,Frank's Pizza,19129,40.01313,-75.19421,7.3,True,1.0,$,Yes (incl. Visa & MasterCard),,,,,,,,,,,,,,,,,,,,,,,,,,,,,
213,4c3669fa18e72d7fa0d514f5,Golden Crust III,19129,40.009040029422415,-75.19376001612271,7.8,True,1.0,$,,No,No,,,,,,,,,,,,,,,,,,,,,,,,,,,
214,4bd640d3cfa7b713536427da,Shan Chuan,19129,40.00922,-75.19407,8.0,False,2.0,$$,Yes (incl. Discover & Visa),No,Yes,,,,,,,,Full Bar,,,,,,,,,,,,,,,,,,,
215,5a73bcea82644476feeba7c1,Le Bus East Falls,19129,40.00893258921812,-75.19384009560822,8.1,False,3.0,$$$,,,,Brunch,Dinner,Lunch,,Breakfast,,,,,,,,,,,,,,,,,,,,,,
216,4b96d15bf964a5209ce634e3,Major Wing Lee Grocery Market,19129,40.008783809821296,-75.19402866276643,7.1,True,1.0,$,No,No,,,,,,,,,,,,,,,,,,,,,,,,,,,,
217,57be21f1498ed94e626c12c5,Foghorn,19129,40.008938863703705,-75.1942776288331,7.6,True,1.0,$,,,,,,,,,,,,,,,,,,,,,,,,,,,,,,
218,4de253c5d22d2a4ecdc2767a,Trolley Car Cafe,19129,40.007467619477836,-75.19140578660512,6.9,False,1.0,$,Yes (incl. Discover & Visa),Yes,No,Brunch,,Lunch,,Breakfast,,,,,,Yes,,,,,,,,,,,,,,,,
219,4ee695672c5b5fc6ce66f389,In Riva,19129,40.00777774573194,-75.19234900876033,8.5,False,3.0,$$$,Yes (incl. Discover & Visa),Yes,,Brunch,Dinner,Lunch,Beer,,,Happy Hour,Full Bar,Cocktails,,,Wine,,,,,,,,,,,,,,,
220,4bd7609588559521bb6587a7,Slices Pizza,19129,40.009533563637746,-75.19559519925866,6.1,True,1.0,$,Yes (incl. American Express),,No,,Dinner,Lunch,,,,,,,,,,,,,,,,,,,,,,,,
221,4bfe5ad4bf6576b00085aeb8,Dunkin',19129,40.0094026,-75.1965193,7.0,True,1.0,$,Yes,No,,,,,,Breakfast,,,,,,No,,,,,,,,,,,,,,,,
222,575c6ce3498eefb679233fc8,Wingstop,19129,40.010768,-75.177072,7.3,False,2.0,$$,,No,,Brunch,,,,,,,,,,,,,,,,,,,,,,,,,,
223,529e0feb11d228cb097a6d41,Subway,19129,40.010724217583586,-75.17628395237105,6.7,False,1.0,$,,,,,,,,,,,,,,,,,,,,,,,,,,,,,,
224,521e512811d2f7e473504fec,Wendy’s,19129,40.010748107487466,-75.17535835504532,5.5,True,1.0,$,Yes,No,No,Brunch,Dinner,Lunch,,,,,,,,,,,,,,,,,,,,,,,,
225,4b900e15f964a520cb7233e3,Dunkin',19129,40.01993772509903,-75.17446519042278,6.5,True,1.0,$,Yes (incl. American Express & MasterCard),No,,,,,,Breakfast,,,,,,No,,,,,,,,,,,,,,,,
226,5698e63f498e3b26734e5978,Dunkin',19129,40.00760267249181,-75.17437146730478,7.4,True,1.0,$,Yes (incl. Visa),No,,,,,,Breakfast,No,,,,,,,,Public Lot,,,,,,,,,,,,,
227,5294bb7e498e0cb7db96594b,Checkers,19129,40.007938,-75.173705,5.9,False,1.0,$,Yes,No,No,,,,,,,,,,,,,,,,,,,,,,,,,,,
228,4d42345bf0dba1cdca363149,Dekes BBQ Carry- Out & Catg,19129,40.01526,-75.208115,8.1,False,2.0,$$,No,Yes,No,Brunch,Dinner,,,,,Happy Hour,Full Bar,,,,,,,,,,,,,,,,,,,
229,513fad59e4b01e2900669069,SUBWAY,19129,40.030494689941406,-75.18115234375,6.4,False,1.0,$,Yes,No,,,,,,,,,,,,,,,,,,,,,,,,,,,,
230,4bd3ab68b221c9b67064dad0,Park Manor Deli,19129,40.03047427870507,-75.1801175010946,6.3,False,1.0,$,Yes (incl. American Express),No,,,,,,,,,,,,,,,,,,,,,,,,,,,,
231,4e8efd52b8f7c08295c4308c,Richmond's Reataurant,19129,39.99875463474398,-75.17813323035175,,False,1.0,$,,,,,,,,,,,,,,,,,,,,,,,,,,,,,,
232,4b522c85f964a5206d6d27e3,Commissary Food Market,19129,40.01999,-75.210027,,False,1.0,$,No,,,,,,,,,,,,,,,,,,,,,,,,,,,,,
233,5890d67e65be58175bb8270f,Panera Bread,19129,40.0083024,-75.2097637,8.4,True,1.0,$,,,,Brunch,,Lunch,,Breakfast,,,,,,Free,,,,,,,,,,,,,,,,
234,4d3348dbf8c9224bebf9b8d2,Wendy’s,19129,40.0310442976641,-75.1782256364823,5.8,True,1.0,$,No,No,No,,,,,,,,,,,,,,,,,,,,,,,,,,,
235,4ef0b0230e01e1fde2b4d5dd,Mazzonis Deli,19129,40.00338843054778,-75.20677001304014,,False,1.0,$,,,,,,,,,,,,,,,,,,,,,,,,,,,,,,
236,5183ef00498ec8f90a3be1f4,Roly Poly,19129,40.009981823976965,-75.21096333861351,7.8,False,1.0,$,,Yes,,,,,,,,,,,,,,,,,,,,,,,,,,,,
237,4cb716b786e09eb0e6ac62e2,Dunkin',19133,39.99208722535595,-75.14184182331354,6.9,True,1.0,$,Yes (incl. American Express),No,,,,,,Breakfast,,,,,,Yes,,,,,,,,,,,,,,,,
238,4e93984c30f866d4866d8128,Romano's Pizza,19133,39.995233,-75.13929,,True,1.0,$,,No,No,Brunch,Dinner,Lunch,,Breakfast,,,,,Dessert,,,,,,,,,,,,,,,,,
239,4bfc0f07b5cd2d7fa30331fb,Popeyes Louisiana Kitchen,19133,39.991568,-75.13805500000001,7.7,True,1.0,$,Yes,No,,,Dinner,Lunch,,,,,,,,,,,,,,,,,,,,,,,,
240,4b7b702af964a520a0632fe3,Isla Verde,19133,39.99211527223426,-75.13576705583509,6.9,False,2.0,$$,Yes (incl. American Express),,Yes,,,,,,,,,,,,,,,,,,,,,,,,,,,
241,4c111c4eb93cc9b6a8cf57e0,Checkers,19133,39.99125046021602,-75.13565157246681,7.0,False,1.0,$,Yes (incl. Discover & American Express),Yes,,,,,,,,,,,,,,,,,,,,,,,,,,,,
242,4bfecba9c30a2d7f3805101d,Wendy’s,19133,39.99067701696071,-75.13585376436822,6.3,True,1.0,$,Yes,,,,,,,,,,,,,,,,,,,,,,,,,,,,,
243,4db33f2e81543d71da2cd114,Seafood Truck,19133,40.00033353,-75.14410387,,False,3.0,$$$,,,,,,,,,,,,,,,,,,,,,,,,,,,,,,
244,4e38a2bfbd415d9f63d7070d,Dunkin',19133,39.9941291809082,-75.1538314819336,6.2,False,1.0,$,Yes (incl. American Express & MasterCard),,,,,,,Breakfast,,,,,,,,,,,,,,,,,,,,,,
245,538ba2e9498ef911b52b1986,Taqueria Mexican Restaurant,19133,39.998931,-75.134016,,False,1.0,$,Yes,,No,,,,,,,,,,,,,,,,,,,,,,,,,,,
246,4dc32356c65b89d3ca34203c,Kurth's Seafood,19133,39.985363,-75.147913,7.4,False,3.0,$$$,,,,,,,,,,,,,,,,,,,,,,,,,,,,,,
247,4dcab704fa7684db0907a1bd,Taqueria La Raza,19133,39.999428,-75.134237,,True,2.0,$$,Yes (incl. MasterCard & American Express),No,No,,Dinner,Lunch,,,,,,,,,,,,Yes,Yes,,,BYO,,,,,,,,
248,4ae9f1e2f964a520dab721e3,Freddy And Tony's,19133,39.99920534890349,-75.13339774763976,8.2,False,3.0,$$$,Yes (incl. Discover & Visa),No,No,,,,,,,,,,,,,,,,,,,,,,,,,,,
249,4d41f0e5aed776eb85b76997,Domino's Pizza,19133,39.993455,-75.154688,6.0,False,1.0,$,Yes (incl. Discover & Visa),Yes,,,,,,,,,,,,,,,,,,,,,,,,,,,,
250,4b8d3c1df964a520fbee32e3,Sunny's Diner,19133,39.990971,-75.154702,6.6,False,1.0,$,No,No,No,,,,,,,,,,,,,,,,,,,,,,,,,,,
251,4d72e12cec0754811b2890bf,Taco Bell,19133,39.99938915317863,-75.13298284079991,5.4,False,1.0,$,Yes,,,,,,,,,,,,,,,,,,,,,,,,,,,,,
252,4c61d49f79d1e21e33b7d415,KFC,19133,39.99935515112716,-75.13292395398463,6.0,True,1.0,$,Yes,,,,,,,,,,,,,,,,,,,,,,,,,,,,,
253,4c45cc1e2d3ec9b68fbd30ae,Corner Store,19133,39.98682212040547,-75.15249445901188,,False,1.0,$,,,,,,,,,,,,,,,,,,,,,,,,,,,,,,
254,4c658382e1da1b8de26298c3,Freddy & Tony's,19133,39.99558283846876,-75.12982207005267,7.7,False,2.0,$$,No,,,Brunch,Dinner,Lunch,,,,,,,,,,,,,,,,,,,,,,,,
255,4daf658a0cb6ead7fdce7817,Crabs Plus,19133,39.993960245788145,-75.15586912060648,,False,3.0,$$$,,,,,,,,,,,,,,,,,,,,,,,,,,,,,,
256,4c890a6b944e224bf6332185,Tribeca Cafe,19133,39.98990249633789,-75.12946319580078,,False,1.0,$,Yes,,,,Dinner,Lunch,,Breakfast,Yes,,,,,Yes,,,,,,,,,,,,,,,,
257,4cb529d8b315a09356e39276,Taco Bell,19133,39.999708159694784,-75.1537597344543,5.9,False,1.0,$,Yes,,,,,,,,,,,,,,,,,,,,,,,,,,,,,
258,515c82d2f0e417244277b958,KFC,19133,39.99977216153856,-75.15372784984572,6.0,True,1.0,$,Yes,No,,,,,,,,,,,,,,,,,,,,,,,,,,,,
259,4cbb13f50180721e09739d61,Olympia Resaurant,19133,39.998692971700706,-75.13024825915127,7.7,True,2.0,$$,,,No,,,,,Breakfast,,,,,,,,,,,,,,,,,,,,,,
260,560af7ba498e58f05c1ef9dc,Dunkin',19133,39.98913799598834,-75.15593696334378,8.0,True,1.0,$,,,,,,,,,,,,,,,,,,,,,,,,,,,,,,
261,5144e6cfe4b0702d25907b14,A &j Seafood,19133,40.001312,-75.15324,,True,3.0,$$$,,,,,,,,,,,,,,,,,,,,,,,,,,,,,,
262,4d0c1ee1f393224b1b9914ee,Broad Street Pizza,19133,40.00131607055664,-75.15331268310547,,False,1.0,$,Yes (incl. Discover & Visa),,,,,,,,,,,,,,,,,,,,,,,,,,,,,
263,4cb5d99355af224b0681957e,Lee's Breakfast,19133,40.001413,-75.153248,,False,1.0,$,,,,,,,,Breakfast,,,,,,,,,,,,,,,,,,,,,,
264,4fb91c9fe4b06b008d5ba5fa,Tri Ky Quan,19133,39.988357,-75.128795,,False,2.0,$$,,,,,,,,,,,,,,,,,,,,,,,,,,,,,,
265,4da9b9601e72c1ab9be25a1a,Sunshine Restaurant,19133,40.00425720214844,-75.1372299194336,,False,2.0,$$,No,No,No,,,,,,,,,,,,,,,,,,,,,,,,,,,
266,4c126b90a5eb76b02d1fbeb7,SUBWAY,19133,40.00218314315969,-75.15265293287516,6.7,False,1.0,$,Yes (incl. NFC Payments & American Express),No,,,,,,,,,,,,,,,,,,,,,,,,,,,,
267,4be9603188ed2d7f1de1cc1d,Liberty Bell Diner,19136,40.04449996303343,-75.01758420669366,8.5,True,1.0,$,Yes (incl. Discover & Visa),No,No,,Dinner,Lunch,,Breakfast,,,,,,,,,,,,,,,,,,,,,,
268,4c2e58803896e21e6417e290,Holmesburg Bakery,19136,40.041239004137104,-75.02851479652328,7.4,False,1.0,$,,No,No,,,,,,,,,,,,,,,,,,,,,,,,,,,
269,4f79c7d6e4b025cca4f26381,The Buffalo House,19136,40.043754756333406,-75.01792999555883,7.9,True,1.0,$,,No,No,,,,,,,,,,,,,,,,,,,,,,,,,,,
270,504f6b23e4b07b1ad01470a2,Johnny Rocks Grill,19136,40.04626088427521,-75.01504136205666,6.9,False,1.0,$,,,,,,,,,,,,,,,,,,,,,,,,,,,,,,
271,4ce1d7a0c4f6a35d8b9cdd6c,Number 1 China,19136,40.048249528363236,-75.01272983120317,,True,1.0,$,Yes (incl. Visa & MasterCard),No,No,,,,,,,,,,,,,,,,,,,,,,,,,,,
272,4c543d3e4623be9a760974f2,Dunkin',19136,40.057264746273944,-75.02944345279599,6.7,True,1.0,$,Yes (incl. American Express),No,,,,,,Breakfast,,,,,,Yes,,,,,,,,,,,,,,,,
273,4bad4d0ff964a520c7433be3,Ashburner Inn,19136,40.04054167690766,-75.01537800040991,7.7,True,1.0,$,Yes (incl. MasterCard),No,,,,,Beer,,,Happy Hour,Full Bar,,,,,,,,,,Yes,,,Street,,,,Yes,,
274,4bae37f1f964a520d6933be3,Tate's Good Food,19136,40.04071515996326,-75.01452315075569,6.4,True,1.0,$,Yes (incl. Discover & Visa),No,No,Brunch,,Lunch,,Breakfast,,,,,,,,,,,,,,,,,,,,,,
275,4abe5462f964a520c38c20e3,The Dining Car & Market,19136,40.05008284250526,-75.01127613847281,7.6,False,2.0,$$,No,No,No,Brunch,Dinner,Lunch,,Breakfast,,,,Cocktails,,,,,,,,,,,,,,,,,,
276,4c2e67c5213c2d7f12222f5d,Domino's Pizza,19136,40.0516345,-75.010786,6.5,False,1.0,$,Yes (incl. Discover & Visa),,,,,,,,,,,,,,,,,,,,,,,,,,,,,
277,4be48c87bcef2d7f5fb602e5,Dunkin',19136,40.03875193882323,-75.03620684372112,7.2,True,1.0,$,Yes (incl. American Express),No,,,,,,Breakfast,,,,,,Yes,,,,,,,,,,,,,,,,
278,4c434b4e5faf76b023e94820,Dunkin',19136,40.05097244968013,-75.01010598676834,6.5,True,1.0,$,Yes,No,,,,,,Breakfast,,,,,,,,,,,,,,,,,,,,,,
279,4c2e821f66e40f472766c08b,Rosewood Caterers,19136,40.05110549926758,-75.01009368896484,,False,2.0,$$,,,,,,,,,,,,,,,,,,,,,,,,,,,,,,
280,4bb561d346d4a5932704c5c0,Al's Corner Deli and Catering Services,19136,40.0353105,-75.0255189,9.1,True,1.0,$,,Yes,,,,,,,,,,,,,,,,,,,Yes,,,,,,,,,
281,4c7a9b42566db60ccc79480e,Stella's Italian Pizza,19136,40.057274,-75.013852,,True,1.0,$,,,,,,,,,,,,,,,,,,,,,,,,,,,,,,
282,4c7a9c41a8683704fc23144d,Juliano's Deli,19136,40.057303999999995,-75.013896,,False,1.0,$,,,,,,,,,,,,,,,,,,,,,,,,,,,,,,
283,4bdb30a42a3a0f47ded8adb6,Philly Pretzel Factory,19136,40.0377718025392,-75.03821940075663,8.0,False,1.0,$,Yes (incl. American Express),No,,Brunch,,Lunch,,,,,,,,,,,,,,,,,,,,,,,,
284,4c44b190f0bdd13a57f0c9cc,KFC,19136,40.05195449605134,-75.00799893001852,6.3,True,1.0,$,Yes,No,,,,,,,,,,,,,,,,,,,,,,,,,,,,
285,4a109ab2f964a520e7761fe3,Mayfair Diner,19136,40.037437,-75.03815,6.8,True,1.0,$,Yes (incl. American Express),No,No,Brunch,Dinner,Lunch,,,,,,,,,,,,,,,,,,,,,,,,
286,4bca381e937ca593d06ea792,LkL deli,19136,40.062282,-75.022142,,False,1.0,$,,No,,,,,,,,,,,,,,,,,,,,,,,,,,,,
287,4b36487bf964a520273225e3,Gino's Pizza Cafe,19136,40.03746,-75.03978,9.2,False,1.0,$,Yes (incl. American Express & MasterCard),No,Yes,,Dinner,Lunch,,,,,Full Bar,Cocktails,,,,,,,,,,,,,,,,,,
288,4e4ceb4fbd413c4cc66d3a41,Salvitos Pizza,19136,40.062509999307906,-75.02201102770118,,True,1.0,$,Yes (incl. Discover & Visa),No,No,,,,,,,,,,,,,,,,,,,,,,,,,,,
289,4c7c475a48c6236a0e586111,Aya Asian Fusion,19136,40.03711129088808,-75.04001244935688,7.3,True,2.0,$$,Yes (incl. American Express),No,,Brunch,Dinner,Lunch,,,,,,,,,,,,,,,,,,,,,,,,
290,4e0b969062848063afc3f5c9,Emma's Cafe,19136,40.036819,-75.039974,7.1,True,3.0,$$$,Yes (incl. Discover & Visa),,Yes,,Dinner,,,,,,,,Dessert,,,,,Yes,,,,BYO,,Street,,,,,,
291,4bb1280ff964a520217f3ce3,Philomena Santucci's Square Pizza,19136,40.03616546525635,-75.04050036374656,8.7,True,1.0,$,Yes (incl. Discover & Visa),No,No,,Dinner,Lunch,,,,,,,Dessert,Free,,,,,,,,BYO,,,,,,,,
292,4c505c451886c9b625e39328,Drougie's Pizza,19136,40.036854999999996,-75.041454,7.1,True,1.0,$,Yes (incl. Discover & Visa),No,No,,,,,,,,,,,,,,,,,,,,,,,,,,,
293,4ea5a2dcb8f7e4911ff61298,House Of Thai,19136,40.03735640147217,-75.04202493962205,7.9,True,2.0,$$,Yes,No,,,,,,,,,,,,,,,,,,,,,,,,,,,,
294,4b4a173bf964a520447a26e3,Village Restaurant,19136,40.06452977355844,-75.0207583126034,,True,2.0,$$,Yes (incl. Discover & Visa),,,Brunch,,Lunch,,Breakfast,,,,,,,,,,,,,,,,,,,,,,
295,4c41dc8dff711b8db28c1205,Linden Italian Market,19136,40.05450471823575,-75.00432448097892,7.4,False,4.0,$$$$,,No,,,,,,,,,,,,,,,,,,,,,,,,,,,,
296,4c24ff00f1272d7fb60184c5,Burger Bar,19136,40.05789359913322,-75.04429494459043,8.2,True,1.0,$,,Yes,,,,,Beer,,,Happy Hour,Full Bar,Cocktails,,,,,,,,,,,,,,,,,,
297,4bc0dc24b492d13a6608a560,Renzi's Pizzeria,19137,39.99818399557578,-75.07431161401095,8.0,True,1.0,$,,,,,,,,,,,,,,,,,,,,,,,,,,,,,,
298,4c83c46374d7b60c5d748cd8,Dunkin',19137,40.008265462895075,-75.0737908219514,7.0,False,1.0,$,Yes (incl. American Express),No,,,,,,,,,,,,No,,,,,,,,,,,,,,,,
299,55c3972f498e73016e9f82bd,Wingstop,19137,39.996554891859304,-75.08994042662216,7.1,True,2.0,$$,,,,,,,,,,,,,,,,,,,,,,,,,,,,,,
300,4d8922ff4757721e02cc9b69,Old London Style Pizza,19137,40.010379,-75.07902,6.9,False,1.0,$,,No,,,,,,,,,,,,,,,,,,,,,,,,,,,,
301,4b979874f964a520af0a35e3,Chick-fil-A,19137,39.997282,-75.0927623,8.5,False,1.0,$,,No,No,,,,,,,,,,,Yes,,,,,,,,,,,,,,,,
302,4c0d4c39c700c9b6b132a2dd,Sonic Drive-In,19137,39.9983286275457,-75.0938192162174,5.6,False,1.0,$,,Yes,,Brunch,Dinner,Lunch,,,,,,,,,,,,,,,,,,,,,,,,
303,4c6a85f8c946e21e4ddaec8e,Dunkin',19137,39.99612264972522,-75.0928692519351,6.1,False,1.0,$,Yes,No,,,,,,Breakfast,,,,,,No,,,,,,,,,,,,,,,,
304,552e9dea498e096460ec05cd,East Coast Wings & Grill,19137,39.9939238,-75.0913888,7.4,True,2.0,$$,,,,,,,,,,,,,,,,,,,,,,,,,,,,,,
305,4e3fe76ad164b52911cbe7fb,Bakery Department,19137,39.994477,-75.09212672710419,,False,1.0,$,,,,,,,,,,,,,,,,,,,,,,,,,,,,,,
306,4c503a693a6f2d7f18dd3577,Petes Clown House,19137,40.00373976583405,-75.09459756755432,9.0,False,1.0,$,,No,No,Brunch,,Lunch,,Breakfast,,,,,,,,,,,,,,,,,,,,,,
307,4af756d7f964a520890822e3,McDonald's,19137,39.99460189859843,-75.09368143512347,5.7,False,1.0,$,Yes (incl. Discover & Visa),No,,,,,,,,,,,,,,,,,,,,,,,,,,,,
308,4c2e3503987f20a10fc24aaa,Taco Bell,19137,40.00666970755533,-75.09414704603245,5.8,False,1.0,$,Yes,,,,,,,,,,,,,,,,,,,,,,,,,,,,,
309,4e4e250ebd4101d0d7a3497a,KFC,19137,40.006611446993084,-75.09425250735762,5.9,False,1.0,$,Yes,No,,Brunch,Dinner,Lunch,,,,,,,,,,,,,,,,,,,,,,,,
310,4ba684a0f964a520475a39e3,Applebee's Grill + Bar,19137,39.99312103169282,-75.09274950826158,6.5,True,2.0,$$,Yes (incl. Discover & Visa),No,No,Brunch,Dinner,Lunch,,,,,,Cocktails,,,,,,,,,,,,,,,,,,
311,4c6b5bfc7c052d7fe19929cf,McDonald's,19137,40.00629306542047,-75.09459435939789,5.9,False,1.0,$,,Yes,,,,,,,,,,,,,,,,,,,,,,,,,,,,
312,4c38b90eae2da593d42f01c6,Dunkin',19137,40.00564570035046,-75.09578934999507,6.4,False,1.0,$,Yes,No,,,,,,Breakfast,,,,,,Yes,,,,,,,,,,,,,,,,
313,4bd87b66f645c9b6c40ba8e0,Burger King,19137,39.99371943913911,-75.09453792390161,7.2,True,1.0,$,,No,,Brunch,Dinner,Lunch,,,,,,,,,,,,,,,,,,,,Live Music,,,,
314,4b6997aff964a520cda82be3,Boston Market,19137,39.99464517632344,-75.09525412566063,6.0,True,2.0,$$,Yes (incl. Discover & Visa),No,,,,,,,,,,,,,,,,,,,,,,,,,,,,
315,4c8ea7e81664b1f7862ba22f,Little Caesars Pizza,19137,39.9950241247399,-75.09551134270527,6.4,False,1.0,$,No,,No,,,,,,,,,,,,,,,,,,,,,,,,,,,
316,4e4e250dbd4101d0d7a3495f,KFC,19137,39.99406084999589,-75.09497403663886,5.9,True,1.0,$,Yes,No,,Brunch,Dinner,Lunch,,,,,,,,,,,,,,,,,,,,,,,,
317,4cbdc2e9bac93704ae23007d,Church's Chicken,19137,40.006502000000005,-75.096482,6.2,False,1.0,$,,,,,,,,,,,,,,,,,,,,,,,,,,,,,,
318,4af75999f964a520a50822e3,Taco Bell,19137,39.993680411704155,-75.09569438520096,6.6,True,1.0,$,Yes (incl. American Express),Yes,No,,Dinner,Lunch,,,,,,,,,,,,,,,,,,,,,,,,
319,4befecaed4f70f47ad46390f,Dunkin',19137,40.0135603,-75.0679571,6.0,True,1.0,$,Yes (incl. American Express),No,,Brunch,,,,Breakfast,,,,,,Yes,,,,,,,,,,,,,,,,
320,4dd2777d814d415b769440b6,Checkers,19137,39.9934959,-75.097568,7.0,True,1.0,$,,,No,,,,,,,,,,,,,,,,,,,,,,,,,,,
321,4b941141f964a520926534e3,Popeyes Louisiana Kitchen,19137,39.99276708185517,-75.09763231930089,7.2,True,1.0,$,Yes (incl. American Express),Yes,,Brunch,Dinner,Lunch,,,,,,,,,,,,,,,,,,,,,,,,
322,4bdb55093904a593c6dc499e,Bonks Crabs,19137,39.988151412821836,-75.09271336854592,,False,2.0,$$,,,,,,,,,,,,,,,,,,,,,,,,,,,,,,
323,570eb1a1498e8fb56ca44057,Panda Express,19137,39.99253224716589,-75.09806287312958,7.7,True,1.0,$,,Yes,No,,,,,,,,,,,,,,,,,,,,,,,,,,,
324,4c0af4097e3fc9284599f482,Romano's Catering,19137,40.01312010866186,-75.09473224056909,6.8,False,2.0,$$,,,,,,,,,,,,,,,,,,,,,,,,,,,,,,
325,4bd7323632a29521b002d6b8,SUBWAY,19137,39.99232320250646,-75.09982423029732,6.8,False,1.0,$,,No,,,,,,,,,,,,,,,,,,,,,,,,,,,,
326,4bd8c67fe914a5933d7c54fa,IHOP,19137,39.99217114039244,-75.10007589459403,5.9,False,2.0,$$,Yes (incl. Discover & Visa),No,No,Brunch,Dinner,Lunch,,Breakfast,,,,,Dessert,Free,,,,,,,,,,,,,,,,
327,4e4e251abd4101d0d7a34ada,KFC,19138,40.058505682778396,-75.16432032270183,5.7,True,1.0,$,Yes,,,,,,,,,,,,,,,,,,,,,,,,,,,,,
328,4cb716c086e09eb0fcac62e2,Dunkin',19138,40.058659387124365,-75.16546762585304,8.1,True,1.0,$,Yes (incl. American Express),No,,,,,,Breakfast,,,,,,No,,,,,,,,,,,,,,,,
329,4d986734647d8cfa83e6ed3d,June's Restaurant,19138,40.05964054255748,-75.16581310524451,6.1,True,1.0,$,No,No,No,Brunch,,Lunch,,Breakfast,,,,,,,,,,,,,,,,,,,,,,
330,4b6cae25f964a520b94b2ce3,Moy Fong,19138,40.060771186522146,-75.1673561809562,8.8,True,1.0,$,Yes (incl. Visa),,,,,Lunch,,Breakfast,,,,,,,,,,,,,,,,,,,,,,
331,505f35a1e4b062a5a081deaa,The Breakfast Boutique,19138,40.05867572583439,-75.14948136291895,6.1,False,1.0,$,,No,No,,,,,Breakfast,,,,,,Yes,,,,,,,,,,,,,,,,
332,4dfbe760c65b31579b2c96d8,Rodriguez Mini Mart #4,19138,40.05720388977297,-75.14897150872072,,False,1.0,$,,,,,,,,,,,,,,,,,,,,,,,,,,,,,,
333,4c77db29a690236ab7909eb5,Dawn's  Breakfast,19138,40.06414183703694,-75.15326907399044,6.1,False,1.0,$,No,No,No,,,,,Breakfast,,,,,,,,,,,,,,,,,,,,,,
334,4c658fa37abde21e910a6168,Victoria's Kitchen,19138,40.06511226447757,-75.15534881747966,8.2,False,2.0,$$,,No,No,,,,,,,,,,,,,,,,,,,,,,,,,,,
335,4e4e6839bd4101d0d7a97c12,Pike's Seafood Inc,19138,40.066677837129575,-75.15833293252196,6.4,False,3.0,$$$,Yes,,No,,,,,,,,,,,,,,,,,,,,,,,,,,,
336,52d9da7d498e64db94ac5272,Ms Esther's,19138,40.047564,-75.150746,,False,2.0,$$,,No,No,,,,,,,,,,,No,,,,,,,,,,,,,,,,
337,4e4e6549bd4101d0d7a93777,Eds Pizza,19138,40.047434,-75.15077099999999,,True,1.0,$,,,No,,,,,,,,,,,,,,,,,,,,,,,,,,,
338,4e28440de4cd6c6cb344bae3,Skyline Restaurant,19138,40.045297,-75.164028,8.5,True,1.0,$,,No,,,,,,Breakfast,,,,,,,,,,,,,,,,,,,,,,
339,4ebd9e5cbe7b04923b6d0cd4,Popeyes Louisiana Kitchen,19138,40.06761394485312,-75.15067028747951,6.6,False,1.0,$,Yes (incl. Discover & Visa),,,,,,,,,,,,,,,,,,,,,,,,,,,,,
340,4ebac03e77c8100292b7fa3a,Peter's Chicken & Seafood,19138,40.06765559689135,-75.15055627605689,,False,2.0,$$,Yes,,Yes,Brunch,,Lunch,,Breakfast,,,,,,,,,,,,,,,,,,,,,,
341,4b9fbcd9f964a5200d3a37e3,Dunkin',19138,40.0434663,-75.1593686,6.2,True,1.0,$,Yes (incl. American Express),No,,,,,,Breakfast,,,,,,Yes,,,,,,,,,,,,,,,,
342,4c03e3ccf423a59396ccd016,In and Out Pizza,19138,40.070035,-75.157588,,True,1.0,$,,No,No,,,,,,,,,,,,,,,,,,,,,,,,,,,
343,4cb716a586e09eb0bdac62e2,Dunkin',19138,40.05432892444655,-75.14185953510207,6.1,False,1.0,$,Yes (incl. American Express),No,,,,,,Breakfast,,,,,,,,,,,,,,,,,,,,,,
344,4b9faf04f964a520a43437e3,Pagano's Steaks,19138,40.07051500675487,-75.15728228084352,8.0,False,2.0,$$,Yes,No,No,,,,,,,,,,,,,,,,,,,,,,,,,,,
345,4e34484ba8092599edf83474,Pizza Point,19138,40.05239907499958,-75.14164602813425,,False,1.0,$,,,,,,,,,,,,,,,,,,,,,,,,,,,,,,
346,545d6154498ed2afb80f7507,Takka Grille & Shrimpies,19138,40.06755447387695,-75.14724731445312,,True,3.0,$$$,,,,,,,,,,,,,,,,,,,,,,,,,,,,,,
347,4e2843a21f6e88a154601cc5,Sunnyside Breakfast,19138,40.070978000000004,-75.157788,5.9,False,1.0,$,,No,No,,,,,Breakfast,,,,,,,,,,,,,,,,,,,,,,
348,4e5a3552a8098920b3c86730,Sunnyside Breakfast,19139,39.96241080452015,-75.24004681911573,,False,1.0,$,,,,,,,,,,,,,,,,,,,,,,,,,,,,,,
349,4e4462b0ae605a14b7e65b29,Graces Chinese,19139,39.966862,-75.239936,,False,1.0,$,,,,,,,,,,,,,,,,,,,,,,,,,,,,,,
350,4ff4c1cfe4b0734a79a330ad,Pete's Pizza,19139,39.958773,-75.241209,5.6,True,1.0,$,Yes,Yes,No,,,,,,,,,,,,,,,,,,,,,,,,,,,
351,4cd4b6b676ab721e9dfe686a,Hyons 56th & Spruce St,19139,39.955639260977534,-75.2339562741029,6.4,False,3.0,$$$,,No,No,,Dinner,Lunch,,Breakfast,,,,,,,,,,,,,,,,,,,,,,
352,4f04f55061af9d3db85ba580,Rodriguez Grocery,19139,39.96959461814268,-75.2340018544075,,False,1.0,$,Yes (incl. American Express & MasterCard),No,,,,,,,,,,,,,,,,,,,,,,,,,,,,
353,4dde6d5988779c82bec3e9eb,GiGi's Soul Food,19139,39.969706678160954,-75.23890330121696,7.6,True,1.0,$,,No,No,,,,,,,,,,,,,,,,,,,,,,,,,,,
354,503cbc88e4b00cfc74e6623a,Sunny's Breakfast,19139,39.960934,-75.224933,,False,1.0,$,No,No,No,,,,,Breakfast,,,,,,,,,,,,,,,,,,,,,,
355,4d9c86adc593a1cda5eb4a19,Top Taste,19139,39.96131526007094,-75.22467979530762,7.6,False,2.0,$$,Yes,No,No,,,,,,,,,,,,,,,,,,,,,,,,,,,
356,4ca0c7d1d3c2b60c7f25e0bc,Yummy Diner,19139,39.96107029951289,-75.22467552739019,,False,1.0,$,,No,No,,,,,Breakfast,,,,,,,,,,,,,,,,,,,,,,
357,4ccda48f97d0224bda6a67b8,Just To Serve You,19139,39.97055204334754,-75.23336161172071,7.4,True,1.0,$,,No,No,Brunch,,,,,,,,,,,,,,,,,,,,,,,,,,
358,4c6d242b6af58cfa0b8b8817,52nd St Station Diner,19139,39.959695592791434,-75.22498104168608,7.3,True,1.0,$,,,,,,,,Breakfast,,,,,,,,,,,,,,,,,,,,,Yes,
359,4c37728cae2da593b6e5fec5,Lebel's Pizza,19139,39.970892,-75.23275600000001,7.7,False,1.0,$,,,,,,,,,,,,,,,,,,,,,,,,,,,,,,
360,4e5ebaeb62e1624313daec52,Little Caesars Pizza,19139,39.95714314001769,-75.22611886945822,6.1,False,1.0,$,,,,,,,,,,,,,,,,,,,,,,,,,,,,,,
361,4bf2f76198ac0f47275962a8,West Point Pizza,19139,39.965879,-75.245763,,True,1.0,$,,,,,,,,,,,,,,,,,,,,,,,,,,,,,,
362,4bf2aa869319a593a530cb51,Brown Sugar Bakery & Cafe,19139,39.956472693718695,-75.22550884791522,8.2,True,2.0,$$,Yes (incl. Discover & Visa),No,No,,,,,,,,,,,No,,,,,,,,,,,,,,,,
363,4cb716be86e09eb0f9ac62e2,Dunkin',19139,39.96952036219449,-75.24573189466315,6.3,False,1.0,$,Yes (incl. American Express),No,,,,,,Breakfast,,,,,,,,,,,,,,,,,,,,,,
364,4ca3f2a4d5a2a1439d084e90,Bottom Of The Sea,19139,39.953742999999996,-75.225974,6.9,False,3.0,$$$,,,,,,,,,,,,,,,,,,,,,,,,,,,,,,
365,4dbc4328f7b1ab37dd59b09c,Poppies,19139,39.95196612244941,-75.24096408349162,,False,2.0,$$,No,,No,,,,,,,,,,,,,,,,,,,,,,,,,,,
366,52163f8911d2b508c3f9ea29,Tasties Kitchen,19139,39.97178926514143,-75.22596706325548,7.1,False,1.0,$,,No,No,,,,,,,,,,,,,,,,,,,,,,,,,,,
367,4def9dfec65bf3f03e9a927a,LR Food Market,19139,39.971618,-75.225592,,False,1.0,$,,No,,,,,,,,,,,,,,,,,,,,,,,,,,,,
368,4c585dce744a0f47c21acbcb,Super House,19139,39.973847154764535,-75.22919426758997,7.5,False,1.0,$,No,No,No,,,,,,,,,,,,,,,,,,,,,,,,,,,
369,4bf51aa6706e20a13405aa98,A&A Steaks,19139,39.97211729723788,-75.24510570119138,7.3,False,1.0,$,,,,,,,,Breakfast,,,,,,,,,,,,,,,,,,,,,,
370,4d8a1f1726a36ea8d7daedad,Moo Jin Jang,19139,39.96283130420638,-75.25188507470128,,False,2.0,$$,,,Yes,,,,,,,,,,,,,,,,,,,,,,,,,,,
371,4ef4d930b8f77e0f98572bfa,Lopez Grocery,19139,39.9510234512975,-75.24312311013543,,False,1.0,$,,,,,,,,,,,,,,,,,,,,,,,,,,,,,,
372,544b020f498ee0bc25842969,48th Street Grille,19139,39.95319717197854,-75.21837079920277,8.7,False,2.0,$$,,No,Yes,Brunch,,,,,,,,,,No,,,,,,,,,,,,,,,,Tasting Menu
373,4c6704898e9120a118a7d964,Annie's Seafood,19139,39.971946,-75.251552,,False,3.0,$$$,,,,,,,,,,,,,,,,,,,,,,,,,,,,,,
374,573e195f498ecf8376d3df35,Alaskan King Crabs,19139,39.973061,-75.218987,7.1,True,3.0,$$$,,,,,,,,,,,,,,,,,,,,,,,,,,,,,,
375,4cb716b086e09eb0d4ac62e2,Dunkin',19139,39.977260752444444,-75.22607368890283,7.1,True,1.0,$,Yes (incl. American Express),No,,Brunch,,,,Breakfast,,,,,,No,,,,,,,,,,,,,,,,
376,4be2e4f31dd22d7fa41095bd,Atlas Pizza & Steaks,19139,39.947097,-75.227939,,True,1.0,$,Yes (incl. Discover & Visa),No,No,,,,,,,,,,,,,,,,,,,,,,,,,,,
377,4e1c339052b1218fa01a4236,Mama's Breakfast Lunch,19139,39.94654898582956,-75.23967079612842,,False,1.0,$,No,,No,,,,,Breakfast,,,,,,,,,,,,,,,,,,,,,,
378,4d67e4d15b376dcbc9d67167,Royal's Restaurant,19150,40.071739214955784,-75.16117996165909,7.9,False,1.0,$,,,,,,,,,,,,,,,,,,,,,,,,,,,,,,
379,4d55d2cd9e508cfaa017059b,Talk of the town,19150,40.071920436696686,-75.16115263331842,7.7,False,1.0,$,,,,,Dinner,Lunch,,Breakfast,,,,,,,,,,,,,,,,,,,,,,
380,4bffbd4eca1920a1c42ded81,Breakfast Junction,19150,40.07965950702207,-75.17354940830631,6.6,True,1.0,$,No,No,No,Brunch,,Lunch,,Breakfast,,,,,,,,,,,,,,,,,,,,,Yes,
381,4b6b14bdf964a52074f12be3,Green Garden,19150,40.080227018284766,-75.17291623474956,6.7,False,1.0,$,,,,,,,,,,,,,,,,,,,,,,,,,,,,,,
382,4cc5b56ab2beb1f7b153244c,Philly Pretzel Factory,19150,40.08039020876204,-75.17292052831101,6.8,True,2.0,$$,,No,No,,,,,,,,,,,,,,,,,,,,,,,,,,,
383,55eccb57498eda28010c8066,Little Caesars Pizza,19150,40.080457,-75.173105,6.7,False,1.0,$,,,,,,,,,,,,,,,,,,,,,,,,,,,,,,
384,4d2260d68629224bd6e42287,Church's Chicken,19150,40.08026165477755,-75.16701266598467,6.2,False,1.0,$,Yes,No,,Brunch,Dinner,Lunch,,,,,,,,,,,,,,,,,,,,,,,,
385,4d5f00299f67f04db04167fb,Bally's II Pizza,19150,40.072639,-75.157638,7.4,True,1.0,$,,No,,,,,,,,,,,,,,,,,,,,,,,,,,,,
386,4ce97e2af8653704ca5bb7c4,Popeyes Louisiana Kitchen,19150,40.08102099674863,-75.17084656921449,6.2,True,1.0,$,Yes,No,No,Brunch,Dinner,Lunch,,Breakfast,,,,,,,,,,,,,,,,,,,,,,
387,4cb716c386e09eb002ad62e2,Dunkin',19150,40.08123026428102,-75.17124808011397,5.9,False,1.0,$,Yes (incl. American Express),No,,,,,,Breakfast,,,,,,Yes,,,,,,,,,,,,,,,,
388,4b454cf0f964a520310a26e3,SUBWAY,19150,40.081592882705046,-75.16843397847452,6.7,False,1.0,$,,,,,,,,,,,,,,,,,,,,,,,,,,,,,,
389,4ed6a84f77c86e4f2a9b9d5c,Fresca Pizza,19150,40.08201003000913,-75.17095014915186,6.1,True,1.0,$,Yes (incl. Discover & Visa),No,No,,Dinner,Lunch,,Breakfast,,,,,,,,,,,,,,,,,,,,,,
390,4cb49026b4b0a35d4b3768ce,Chick-fil-A,19150,40.0728072,-75.1550828,8.2,False,1.0,$,Yes,No,,Brunch,Dinner,Lunch,,Breakfast,,,,,,Yes,,,,,,,,,,,,,,,,
391,4dab32305da3ba8a479bedf7,Auntie Anne's,19150,40.07439742256465,-75.1552705794892,7.1,False,1.0,$,,,,,,,,,,,,,,,,,,,,,,,,,,,,,,
392,5b3f8e2dd1a402002c040954,Chipotle Mexican Grill,19150,40.07355,-75.154918,7.4,False,1.0,$,,,,Brunch,Dinner,Lunch,,,,,,,,,,,,,,,,,,,,,,,,
393,4cec5b767b94370470382053,Church's Chicken,19150,40.07350625,-75.1548698,6.4,False,1.0,$,,,,,,,,,,,,,,,,,,,,,,,,,,,,,,
394,5b731804f193c0002c5b694a,Panda Express,19150,40.07490539550781,-75.15485382080078,6.7,True,1.0,$,,,,,,,,,,,,,,,,,,,,,,,,,,,,,,
395,4c51cc4a94790f475678a9a1,Rice & Things,19151,39.97481739249177,-75.26132977780073,5.5,False,2.0,$$,,,,,,,,,,,,,,,,,,,,,,,,,,,,,,
396,4c47168089a6c9b64b059988,Stacy's Pizza,19151,39.976551,-75.264761,,False,1.0,$,Yes (incl. Discover & Visa),,,,,,,,,,,,,,,,,,,,,,,,,,,,,
397,4e4e65ffbd4101d0d7a94851,Danny's Express,19151,39.96231429751416,-75.26207675632529,,True,1.0,$,Yes (incl. Discover & Visa),,,,,,,,,,,,,,,,,,,,,,,,,,,,,
398,4c3f60fcce54e21ee4f7071a,Philly Pretzel Factory,19151,39.96224668082394,-75.25921030451403,7.1,False,1.0,$,Yes,,,,,,,,,,,,,,,,,,,,,,,,,,,,,
399,4c423ca3cc410f47d883ac61,Slices & More,19151,39.961866502770256,-75.2604231599354,6.3,True,1.0,$,,No,No,,,,,,,,,,,,,,,,,,,,,,,,,,,
400,4df3a3566284fefe8fc3083a,Aquarius Restaurant Breakfast Club,19151,39.961848060706146,-75.26032905982046,7.5,True,2.0,$$,No,,No,,,,,,,,,,,,,,,,,,,,,,,,,,,
401,4bf41c38706e20a1c7f1a898,Economic Food Market,19151,39.97661,-75.252922,,False,1.0,$,,,,,,,,,,,,,,,,,,,,,,,,,,,,,,
402,4be6c3d7bcef2d7f986b05e5,Green Leaf Restaurant,19151,39.977610987011715,-75.2662475834395,6.2,False,1.0,$,,,,,,,,,,,,,,,,,,,,,,,,,,,,,,
403,4c9fcdf3d3c2b60c3be9d7bc,Pho & Cafe Anh Hong,19151,39.961614545339515,-75.2626536804091,6.7,True,1.0,$,Yes,No,,Brunch,Dinner,Lunch,,,,,,,,,,,,,,,,,,,,,,,,
404,4d56d938a747b60c61d32d2b,Sunny's Pizza & Wings,19151,39.96144406998303,-75.25901200824094,,False,1.0,$,,,,,,,,,,,,,,,,,,,,,,,,,,,,,,
405,4ed9580e775bcc53f94502ea,Sa Bai Dee,19151,39.96155772362058,-75.26276603142131,7.6,False,1.0,$,Yes,No,Yes,,,,,,,,,,,,,,,,,,,,,,,,,,,
406,4c520a2a2543a5935a4fe084,Keystone Pizza,19151,39.963971347154754,-75.26954694726875,8.2,True,1.0,$,,,No,,,,,,,,,,,,,,,,,,,,,,,,,,,
407,4bd20bf2046076b0081a7371,Little Saigon,19151,39.96087998406077,-75.26319217471699,7.6,False,2.0,$$,Yes (incl. Visa & MasterCard),No,,,,,,,,,,,,,,,,,,,,,,,,,,,,
408,4c4effd2db2c20a1bc865375,Vincent's Pizza,19151,39.97491909622357,-75.24920782491786,7.6,True,1.0,$,,,,,,,,,,,,,,,,,,,,,,,,,,,,,,
409,4c13264482a3c9b6111cfbf8,Soop Bin,19151,39.960551934150615,-75.26258745024826,,False,2.0,$$,,,,,,,,,,,,,,,,,,,,,,,,,,,,,,
410,4cdeef0f7e2e236a4f74821b,Bryn Mawr Pizza,19151,39.978567,-75.268265,,True,1.0,$,,,,,,,,,,,,,,,,,,,,,,,,,,,,,,
411,51b9d97a498ec7b5644ba5ea,Philly Pretzel Factory,19151,39.9601618964195,-75.25860185147694,7.0,True,1.0,$,Yes,No,,,,,,,,,,,,,,,,,,,,,,,,,,,,
412,5101ce1ae4b0176381ef28ae,Taco Bell,19151,39.96372586452906,-75.27084213500346,5.9,True,1.0,$,Yes,No,,,,,,,,,,,,,,,,,,,,,,,,,,,,
413,4b16ab3af964a520bdbb23e3,Leandro's Pizza House,19151,39.95999872249174,-75.25864860095555,8.2,False,1.0,$,No,No,No,,,,,,,,,,,,,,,,,,,,,,,,,,,
414,4c5e00d985a1e21ed8375b11,Nag Won Garden,19151,39.963903,-75.271757,,False,2.0,$$,,,,,,,,,,,,,,,,,,,,,,,,,,,,,,
415,4effaaa1f9abd5b3906c0f00,Papa John's Pizza,19151,39.979257000000004,-75.268827,6.5,False,1.0,$,,No,,,,,,,,,,,,,,,,,,,,,,,,,,,,
416,4c1e12e2fcf8c9b61fabac0b,City Line Deli,19151,39.979535337474815,-75.26844475800083,,True,2.0,$$,Yes,No,,,,,,,,,,,,,,,,,,,,,,,,,,,,
417,4cf00859ed62721e42e963fd,Best Cake Bakery,19151,39.97939682006836,-75.2688217163086,,False,1.0,$,,,,,,,,,,,,,,,,,,,,,,,,,,,,,,
418,4ba62511f964a520c53639e3,New York Bagel,19151,39.979774051971354,-75.26830820274797,8.1,True,1.0,$,,No,,,,,,,,,,,,,,,,,,,,,,,,,,,,
419,4b7ea679f964a5203df72fe3,Casablanca Moroccan Restaurant,19151,39.97984313964844,-75.2683334350586,,False,2.0,$$,,,,,,,,,,,,,,,,,,,,,,,,,,,,,,
420,58acd85d13af1c1875d32d43,Daiki hibachi & sushi,19151,39.97984313964844,-75.2683334350586,,True,2.0,$$,,,,,,,,,,,,,,,,,,,,,,,,,,,,,,
421,4b4a763bf964a520668826e3,shalom pizza,19151,39.97955398333333,-75.26912613333333,,True,1.0,$,,,,,,,,,,,,,,,,,,,,,,,,,,,,,,
422,542fb37e498ea11026dbf02c,ihop,19151,39.958709368636754,-75.2579709790851,5.6,False,2.0,$$,,,,,,,,Breakfast,,,,,,,,,,,,,,,,,,,,,,
423,4d6832fede28224b78a232be,Big Al's Italiano Ristorante & Pizzeria,19152,40.06060736431641,-75.04483009760764,7.1,True,1.0,$,Yes,,,,,,,,,,,,,,,,,,,,,,,,,,,,,
424,4c6337efde1b2d7fec4fe470,Big Al's,19152,40.060367584228516,-75.04435729980469,,False,1.0,$,,,,,,,,,,,,,,,,,,,,,,,,,,,,,,
425,4b6eccb8f964a52019cb2ce3,Dattilo's,19152,40.05990391263666,-75.05248450980542,8.6,False,1.0,$,,,,Brunch,Dinner,Lunch,,,,,,,,,,,,,,,,,,,,,,,,
426,4bb66f5c46d4a593a53ac6c0,Gallo's Seafood,19152,40.05783236496468,-75.04451807878644,7.7,False,2.0,$$,,No,Yes,,,,,,,,,Cocktails,,,,,,,,,,,,,,,,,,
427,4ada27a7f964a5203e1f21e3,Nazareth Hospital Cafeteria,19152,40.058082580566406,-75.0436019897461,,False,2.0,$$,,,,,,,,,,,,,,,,,,,,,,,,,,,,,,
428,5adccf518c35dc7eae9de327,Ritz Diner,19152,40.057252373281216,-75.047001985102,6.9,True,1.0,$,,,,Brunch,Dinner,Lunch,,Breakfast,,,,,,,,,,,,,,,,,,,,,,
429,4b6cb09bf964a520724c2ce3,Tuscany Ristorante,19152,40.05704824111185,-75.04773279189685,6.8,False,2.0,$$,,No,Yes,,,,,,,,,,,,,Jukebox,Public Lot,Yes,Yes,,,BYO,Take-out,Street,,,,,,
430,4c62bfd3ec94a5934cf829ca,Lipkin's Bakery,19152,40.062080588047905,-75.055465062238,7.9,True,1.0,$,,No,No,,,,,,,,,,,,,,,,,,,,,,,,,,,
431,4c265839136d20a15c30e561,Ilona Kellers Dugans,19152,40.053118264074136,-75.0433141233895,,False,2.0,$$,,,,,,,,,,,,,,,,,,,,,,,,,,,,,,
432,4ce71c7de1eeb60c81fd9aae,Bellissima Pizza,19152,40.058515,-75.059593,6.7,True,1.0,$,,,,,,,,,,,,,,,,,,,,,,,,,,,,,,
433,4f321a4e19836c91c7b61cf1,Espresso Cafe & Sushi Bar,19152,40.058515,-75.059593,,False,2.0,$$,,,No,,,,,,,,,,,,,,,,,,,,,,,,,,,
434,4c607c9dde6920a117149664,By Brazil,19152,40.057897,-75.060162,,False,2.0,$$,,,,,,,,,,,,,,,,,,,,,,,,,,,,,,
435,5914eadec4df1d6ddcf12c73,Dinner Time,19152,40.075764,-75.049902,,False,2.0,$$,,,,,,,,,,,,,,,,,,,,,,,,,,,,,,
436,4bf536cbe5eba59308782090,Dunkin',19152,40.05152258938532,-75.05708582944771,7.4,True,1.0,$,Yes (incl. American Express),Yes,,,,,,Breakfast,,,,,,Yes,,,,,,,,,,,,,,,,
437,5cca183735f983002cbbda05,Taco Bell,19152,40.051273,-75.056854,6.3,True,1.0,$,,,,,Dinner,,,,,,,,,,,,,,,,,,,,,,,,,
438,5bd8fca189e490002c17caf9,Taqueria Del Norte,19152,40.057148,-75.030334,,False,1.0,$,,,,,,,,,,,,,,,,,,,,,,,,,,,,,,
439,4ca7701b76d3a093ab810b6b,American Legion Post 810,19152,40.07656627534014,-75.03903871026328,,False,2.0,$$,,,,,,,,,,,,,,,,,,,,,Yes,,,,,,,,,
440,4f32363019836c91c7c126ab,Supreme Pizza,19152,40.05486318039375,-75.06301685486908,,True,1.0,$,,No,,,,,,,,,,,,,,,,,,,,,,,,,,,,
441,4b533cbbf964a5208f9327e3,New England Pizza,19152,40.071973865274984,-75.03126415293407,7.9,True,1.0,$,,,,,,,,,,,,,,,,,,,,,,,,,,,,,,
442,4dc8337a2271f270516ea577,Kum Lin,19152,40.07173435,-75.0310216,,False,2.0,$$,Yes,,No,,,,,,,,,,,,,,,,,,,,,,,,,,,
443,4bec2efab3352d7f475957d2,McDonald's,19152,40.05443771596421,-75.06310241067645,5.8,False,1.0,$,,,,,,,,,,,,,,,,,,,,,,,,,,,,,,
444,4b609130f964a5200bee29e3,Primo Hoagies,19152,40.07186794679396,-75.03044933080679,7.1,False,1.0,$,Yes (incl. American Express),No,,,,,,,,,,,,,,,,,,,,,,,,,,,,
445,4ba94ae5f964a520231c3ae3,Philly Pretzel Factory,19154,40.096406422515415,-74.97432858365318,8.6,True,1.0,$,,No,,,,,,,,,,,,,,,,,,,,,,,,,,,,
446,4bb1531ff964a5205e8c3ce3,Hong Kong Chinese Restaurant,19154,40.095897032975344,-74.97512639901798,,False,1.0,$,,,,,,,,,,,,,,,,,,,,,,,,,,,,,,
447,4e4562e618a8f9804cb9bb87,Entenmanns Bakery Outlet,19154,40.09579713335327,-74.97516648875092,,False,1.0,$,Yes,No,,,,,,,,,,,,,,,,,,,,,,,,,,,,
448,4ba94a99f964a520fe1b3ae3,Reens Deli,19154,40.09559426695617,-74.9753281708042,7.9,False,1.0,$,Yes (incl. Discover & Visa),No,,Brunch,,Lunch,,,,,,,,,,,,,,,,,,,,,,,,
449,4cb716a386e09eb0b8ac62e2,Dunkin',19154,40.09646305736271,-74.97499982764242,6.2,False,1.0,$,Yes,No,,,,,,Breakfast,,,,,,Yes,,,,,,,,,,,,,,,,
450,4bb669b0ef159c7489e975f7,Pat's Pizzeria,19154,40.09551654619791,-74.97547584582838,5.5,False,1.0,$,,No,No,,,,,,,,,,,,,,,,,,,,,,,,,,,
451,4f32a28119836c91c7eae9ce,Pats Pizzeria,19154,40.096038818359375,-74.97608947753906,,False,1.0,$,,,,,,,,,,,,,,,,,,,,,,,,,,,,,,
452,5cc381c604d1ae002ca9de04,K-Pot,19154,40.092495,-74.96293,,False,2.0,$$,,,,Brunch,Dinner,Lunch,,,,,,,,,,,,,,,,,,,,,,,,
453,4baa9a84f964a520c5783ae3,Arby's,19154,40.089864,-74.964175,7.6,True,1.0,$,Yes (incl. Discover & Visa),No,No,Brunch,Dinner,Lunch,,,,,,,,,,,,,,,,,,,,,,,,
454,4b57b916f964a520d53d28e3,Mr. V's Steaks,19154,40.088525155584556,-74.96627946084836,5.8,False,2.0,$$,Yes,No,,,,,,,,,,,,,,,,,,,,,,,,,,,,
455,51d5c963498ec1553541c6ac,Dunkin',19154,40.089397062703625,-74.96435123356798,8.0,True,1.0,$,Yes,Yes,,,,,,Breakfast,,,,,,Yes,,,,,,,,,,,,,,,,
456,4bdf05e7e75c0f4743a3c903,KFC,19154,40.0889336074344,-74.96467617852153,5.9,True,1.0,$,Yes,No,,,,,,,,,,,,,,,,,,,,,,,,,,,,
457,4bbb9744e4529521d0e454a4,Burger King,19154,40.08793425982951,-74.96716529130936,6.0,True,1.0,$,Yes (incl. Discover & MasterCard),No,,Brunch,Dinner,Lunch,,,,,,,,,,,,,,,,,,,,,,,,
458,4ba657a0f964a520664839e3,McDonald's,19154,40.08842367029156,-74.96501818299299,5.7,True,1.0,$,,,,,,,,Breakfast,,,,,,,,,,,,,,,,,,,,,,
459,4e2392401838712abe893f55,All Star Pizza,19154,40.0893315,-74.9768423,,False,1.0,$,,,No,,,,,,,,,,,,,,,,,,,,,,,,,,,
460,4ccf310206b54688cda0d394,Franklin Mills Food Court,19154,40.0903402749153,-74.96135878740277,,False,,$,,,No,,,,,,,,,,,,,,,,,,,,,,,,,,,
461,4b8ad251f964a5205d8332e3,Taco Bell,19154,40.08769758301752,-74.96527639160269,6.4,True,2.0,$$,Yes,No,No,,Dinner,Lunch,,,,,,,,,,,,,,,,,,,,,,,,
462,4cb716a786e09eb0c2ac62e2,Dunkin',19154,40.086435,-74.9717959,7.6,True,1.0,$,Yes (incl. American Express),No,,,,,,Breakfast,,,,,,Free,,,,,,,,,,,,,,,,
463,4b330b7ff964a520441725e3,Joe Santucci's Square Pizza Bar and Grill,19154,40.08595689983307,-74.97142811894847,8.3,False,1.0,$,Yes,Yes,Yes,Brunch,Dinner,Lunch,Beer,,,,,,,,,,,,,,Yes,,,,,,,,,
464,4c375ee8ae2da593d2bdfec5,SUBWAY,19154,40.087589263916016,-74.96229553222656,6.9,False,1.0,$,Yes (incl. Discover & Visa),No,,Brunch,Dinner,Lunch,,,,,,,,,,,,,,,,,,,,,,,,
465,4cf43f918333224b62f0198e,Sbarro,19154,40.09406280517578,-74.95781707763672,6.2,False,1.0,$,,,No,,,,,,,,,,,,,,,,,,,,,,,,,,,
466,59e938e66fa81f72c87f9da6,Cinnabon,19154,40.087414,-74.961853,6.8,False,1.0,$,,,,,,,,,,,,,,,,,,,,,,,,,,,,,,
467,4d2630db0167a1cd403aa4bd,Coffee Beanery #445,19154,40.087418,-74.961819,,False,1.0,$,Yes (incl. Discover & Visa),No,No,,,,,,,,,,,,,,,,,,,,,,,,,,,
468,4bb75b2c941ad13abf8920e3,Auntie Anne's,19154,40.08744094386104,-74.9617725745958,6.9,True,1.0,$,,,,,,,,,,,,,,,,,,,,,,,,,,,,,,
469,4e845a422c5b313283d77e24,SUBWAY,19154,40.08539962768555,-74.9670639038086,6.8,False,1.0,$,,,,,,,,,,,,,,,,,,,,,,,,,,,,,,
470,4b9bcbabf964a520222636e3,Joe Santucci's Original Square Pizza,19154,40.084869384765625,-74.97023010253906,,False,1.0,$,,,,,,,,,,,,,,,,,,,,,,,,,,,,,,
471,4d9b92deee8e14565e051cb7,The Works,19154,40.08477218641181,-74.97058255608461,7.5,False,1.0,$,Yes (incl. American Express),No,,Brunch,Dinner,Lunch,,,,,,,,,,,,,,,,,,,,,,,,
472,4bf2c6e89319a593bb55cb51,Great Wraps,19154,40.08709716796875,-74.9612045288086,,False,1.0,$,Yes,No,,,,,,,,,,,,,,,,,,,,,,,,,,,,
473,4d4b1ed6102b236a786e6143,Speedy's Pizza,19154,40.084558,-74.972796,,True,1.0,$,,,,,,,,,,,,,,,,,,,,,,,,,,,,,,
474,4b96f3b1f964a520f0ef34e3,Juliano's Deli,19154,40.084531,-74.972738,,False,1.0,$,,,,,,,,,,,,,,,,,,,,,,,,,,,,,,
